customerID,gender,SeniorCitizen,Partner,Dependents,tenure,PhoneService,MultipleLines,InternetService,OnlineSecurity,OnlineBackup,DeviceProtection,TechSupport,StreamingTV,StreamingMovies,Contract,PaperlessBilling,PaymentMethod,MonthlyCharges,TotalCharges,Churn,label,is_new_customer,monthly_charge_band,avg_monthly_spend_gap
7590-0637,Male,0,No,Yes,29,No,No phone service,DSL,Yes,Yes,Yes,Yes,Yes,No,Month-to-month,No,Electronic check,57.62,1654.64,No,0,0,Medium,-16.339999999999918
7590-0220,Male,0,No,Yes,62,No,No phone service,Fiber optic,Yes,Yes,No,Yes,Yes,No,Month-to-month,No,Electronic check,84.83,5262.8,No,0,0,High,3.3400000000001455
7590-0428,Male,0,Yes,Yes,51,No,No phone service,Fiber optic,No,No,No,No,Yes,No,Two year,No,Credit card (automatic),66.47,3358.29,Yes,1,0,Medium,-31.679999999999836
7590-0326,Male,0,Yes,Yes,51,No,No phone service,Fiber optic,Yes,No,No,Yes,No,No,One year,No,Credit card (automatic),71.67,3664.12,Yes,1,0,High,8.949999999999818
7590-0072,Female,0,Yes,Yes,17,No,No phone service,Fiber optic,Yes,No,No,No,No,No,One year,No,Mailed check,63.38,1052.09,Yes,1,0,Medium,-25.37000000000012
7590-0516,Female,0,No,Yes,20,No,No phone service,DSL,No,Yes,Yes,No,No,Yes,One year,No,Bank transfer (automatic),50.95,1051.25,No,0,0,Medium,32.25
7590-0181,Male,1,Yes,Yes,5,No,No phone service,Fiber optic,No,Yes,No,No,Yes,No,Month-to-month,No,Credit card (automatic),71.75,370.15,Yes,1,1,High,11.399999999999977
7590-0131,Male,0,Yes,Yes,70,No,No phone service,DSL,Yes,No,Yes,No,No,No,One year,Yes,Credit card (automatic),43.66,3035.2,No,0,0,Medium,-21.0
7590-0231,Male,0,No,Yes,30,No,No phone service,DSL,No,No,No,No,No,Yes,Month-to-month,No,Bank transfer (automatic),46.52,1376.34,No,0,0,Medium,-19.26000000000022
7590-0277,Male,0,Yes,Yes,48,No,No phone service,No,No internet service,No internet service,No internet service,No internet service,No internet service,No internet service,One year,No,Electronic check,23.57,1089.56,No,0,0,Low,-41.80000000000018
7590-0607,Female,0,Yes,No,72,No,No phone service,No,No internet service,No internet service,No internet service,No internet service,No internet service,No internet service,Month-to-month,Yes,Mailed check,21.84,1584.56,Yes,1,0,Low,12.079999999999927
7590-0281,Female,0,Yes,Yes,66,No,No phone service,No,No internet service,No internet service,No internet service,No internet service,No internet service,No internet service,Month-to-month,Yes,Electronic check,18.0,1211.84,No,0,0,Low,23.839999999999918
7590-0249,Female,0,No,Yes,2,No,No phone service,Fiber optic,Yes,Yes,No,Yes,No,No,Month-to-month,No,Mailed check,77.14,109.61,No,0,1,High,-44.67
7590-0081,Male,0,No,Yes,51,No,No phone service,No,No internet service,No internet service,No internet service,No internet service,No internet service,No internet service,Month-to-month,No,Mailed check,20.56,1013.39,Yes,1,0,Low,-35.16999999999996
7590-0615,Female,0,No,Yes,72,Yes,No,DSL,Yes,Yes,No,Yes,No,No,Month-to-month,Yes,Electronic check,76.29,5466.99,Yes,1,0,High,-25.890000000000327
7590-0247,Male,0,No,Yes,20,No,No phone service,Fiber optic,Yes,Yes,Yes,Yes,No,No,Two year,No,Electronic check,79.63,,No,0,0,High,-1512.9699999999998
7590-0363,Male,1,Yes,Yes,32,No,No phone service,No,No internet service,No internet service,No internet service,No internet service,No internet service,No internet service,Month-to-month,No,Credit card (automatic),18.0,576.86,No,0,0,Low,0.8600000000000136
7590-0643,Male,0,Yes,Yes,21,No,No phone service,DSL,No,No,No,Yes,No,Yes,One year,No,Electronic check,37.06,811.46,No,0,0,Medium,33.200000000000045
7590-0069,Male,0,Yes,Yes,13,No,No phone service,DSL,No,No,No,No,No,Yes,Month-to-month,Yes,Credit card (automatic),47.12,603.17,Yes,1,0,Medium,-9.389999999999986
7590-0010,Male,0,No,Yes,4,No,No phone service,Fiber optic,Yes,No,No,No,Yes,No,Month-to-month,Yes,Credit card (automatic),66.49,249.93,Yes,1,1,Medium,-16.029999999999973
7590-0341,Male,1,No,Yes,46,No,No phone service,Fiber optic,Yes,Yes,No,Yes,Yes,Yes,Month-to-month,No,Mailed check,79.63,3658.05,No,0,0,High,-4.9299999999993815
7590-0063,Female,0,Yes,No,29,No,No phone service,DSL,No,No,Yes,No,Yes,No,Two year,No,Electronic check,49.87,1442.46,No,0,0,Medium,-3.769999999999982
7590-0464,Female,0,Yes,Yes,22,No,No phone service,Fiber optic,No,Yes,No,Yes,No,No,Two year,Yes,Electronic check,70.57,1523.5,Yes,1,0,High,-29.039999999999964
7590-0054,Male,0,Yes,No,22,No,No phone service,No,No internet service,No internet service,No internet service,No internet service,No internet service,No internet service,One year,Yes,Electronic check,23.85,538.16,No,0,0,Low,13.459999999999923
7590-0534,Male,0,No,Yes,64,No,No phone service,DSL,No,No,Yes,Yes,No,Yes,Month-to-month,Yes,Credit card (automatic),52.34,3324.66,No,0,0,Medium,-25.100000000000364
7590-0517,Male,0,No,Yes,70,No,No phone service,Fiber optic,No,Yes,No,No,No,Yes,Two year,No,Mailed check,61.34,4247.14,No,0,0,Medium,-46.659999999999854
7590-0177,Female,1,Yes,No,62,No,No phone service,Fiber optic,No,No,No,No,Yes,No,Month-to-month,No,Bank transfer (automatic),67.83,4199.59,No,0,0,Medium,-5.869999999999891
7590-0299,Male,0,No,No,21,No,No phone service,No,No internet service,No internet service,No internet service,No internet service,No internet service,No internet service,Month-to-month,Yes,Bank transfer (automatic),18.0,367.65,No,0,0,Low,-10.350000000000023
7590-0594,Female,0,Yes,Yes,7,No,No phone service,No,No internet service,No internet service,No internet service,No internet service,No internet service,No internet service,Month-to-month,No,Mailed check,18.0,70.94,No,0,0,Low,-55.06
7590-0031,Male,0,No,Yes,70,No,No phone service,No,No internet service,No internet service,No internet service,No internet service,No internet service,No internet service,Month-to-month,No,Electronic check,18.0,1257.25,No,0,0,Low,-2.75
7590-0490,Female,0,Yes,Yes,35,No,No phone service,Fiber optic,No,Yes,Yes,No,No,No,Month-to-month,Yes,Bank transfer (automatic),67.8,2364.26,No,0,0,Medium,-8.739999999999782
7590-0055,Female,0,No,Yes,70,No,No phone service,Fiber optic,No,Yes,No,Yes,No,No,Month-to-month,No,Credit card (automatic),61.79,4277.64,No,0,0,Medium,-47.659999999999854
7590-0174,Male,0,No,Yes,34,No,No phone service,DSL,Yes,No,No,No,Yes,Yes,Month-to-month,Yes,Mailed check,40.62,1378.66,No,0,0,Medium,-2.4199999999998454
7590-0479,Male,0,No,No,27,No,No phone service,Fiber optic,No,No,Yes,Yes,No,Yes,Two year,No,Credit card (automatic),65.61,1750.76,No,0,0,Medium,-20.710000000000036
7590-0550,Female,0,Yes,Yes,56,No,No phone service,Fiber optic,No,Yes,Yes,No,No,No,Two year,No,Mailed check,70.43,3922.74,No,0,0,High,-21.3400000000006
7590-0209,Female,1,No,No,49,Yes,No,DSL,No,Yes,Yes,No,Yes,Yes,Month-to-month,No,Electronic check,74.51,3671.26,Yes,1,0,High,20.269999999999982
7590-0110,Male,0,No,Yes,40,No,No phone service,Fiber optic,Yes,Yes,No,No,No,No,Two year,No,Credit card (automatic),67.75,2687.66,No,0,0,Medium,-22.340000000000146
7590-0511,Female,0,Yes,Yes,71,No,No phone service,Fiber optic,No,No,No,No,Yes,Yes,Month-to-month,No,Electronic check,78.35,5556.72,No,0,0,High,-6.1299999999992
7590-0210,Male,1,Yes,Yes,57,No,No phone service,Fiber optic,No,No,No,No,No,Yes,One year,No,Electronic check,57.93,3249.01,Yes,1,0,Medium,-52.999999999999545
7590-0158,Male,0,Yes,Yes,54,No,No phone service,DSL,No,Yes,No,No,Yes,No,Two year,No,Credit card (automatic),56.49,3069.88,No,0,0,Medium,19.420000000000073
7590-0165,Female,0,No,Yes,19,No,No phone service,DSL,No,No,No,No,No,No,Month-to-month,No,Bank transfer (automatic),41.87,796.52,No,0,0,Medium,0.9900000000000091
7590-0362,Female,0,No,Yes,36,No,No phone service,Fiber optic,No,No,No,No,No,No,Month-to-month,No,Mailed check,46.62,1670.52,No,0,0,Medium,-7.7999999999999545
7590-0523,Male,0,No,Yes,39,No,No phone service,Fiber optic,Yes,No,No,No,Yes,Yes,Two year,Yes,Bank transfer (automatic),75.63,2936.45,No,0,0,High,-13.11999999999989
7590-0076,Female,0,No,No,33,No,No phone service,No,No internet service,No internet service,No internet service,No internet service,No internet service,No internet service,One year,Yes,Credit card (automatic),18.0,578.51,No,0,0,Low,-15.490000000000009
7590-0446,Female,0,Yes,Yes,0,No,No phone service,No,No internet service,No internet service,No internet service,No internet service,No internet service,No internet service,Month-to-month,No,Credit card (automatic),18.0,,No,0,1,Low,0.0
7590-0002,Female,0,No,Yes,54,Yes,Yes,No,No internet service,No internet service,No internet service,No internet service,No internet service,No internet service,Month-to-month,No,Bank transfer (automatic),27.31,1458.53,No,0,0,Low,-16.210000000000036
7590-0377,Female,0,Yes,No,51,No,No phone service,DSL,Yes,Yes,No,No,No,No,Month-to-month,Yes,Electronic check,52.36,2651.92,No,0,0,Medium,-18.440000000000055
7590-0271,Female,0,Yes,Yes,54,No,No phone service,No,No internet service,No internet service,No internet service,No internet service,No internet service,No internet service,Month-to-month,No,Electronic check,18.0,902.27,No,0,0,Low,-69.73000000000002
7590-0292,Female,0,No,No,31,No,No phone service,Fiber optic,Yes,No,Yes,No,No,No,Month-to-month,No,Electronic check,66.21,2021.9,No,0,0,Medium,-30.609999999999673
7590-0449,Female,1,No,No,40,No,No phone service,Fiber optic,No,No,Yes,No,Yes,Yes,One year,No,Credit card (automatic),74.4,2997.75,No,0,0,High,21.75
7590-0645,Female,0,No,Yes,20,No,No phone service,Fiber optic,Yes,No,Yes,Yes,No,Yes,Two year,No,Bank transfer (automatic),88.19,1725.19,No,0,0,High,-38.6099999999999
7590-0090,Male,0,Yes,Yes,71,No,No phone service,Fiber optic,Yes,No,Yes,No,No,No,Month-to-month,No,Electronic check,86.3,,No,0,0,High,-6041.0
7590-0497,Male,0,Yes,No,5,Yes,No,DSL,Yes,Yes,No,Yes,No,No,Month-to-month,Yes,Credit card (automatic),60.2,269.92,Yes,1,1,Medium,-31.079999999999984
7590-0318,Male,1,Yes,Yes,47,No,No phone service,Fiber optic,Yes,No,No,No,No,No,Two year,Yes,Electronic check,57.38,2697.67,No,0,0,Medium,0.8099999999999454
7590-0030,Female,0,No,Yes,47,No,No phone service,Fiber optic,No,No,No,No,No,No,Month-to-month,Yes,Mailed check,58.26,2733.9,No,0,0,Medium,-4.319999999999709
7590-0328,Male,0,Yes,Yes,47,No,No phone service,DSL,No,No,No,No,No,No,Month-to-month,No,Credit card (automatic),36.28,1726.35,No,0,0,Medium,21.189999999999827
7590-0176,Female,0,Yes,Yes,26,Yes,No,Fiber optic,Yes,Yes,No,No,Yes,Yes,Month-to-month,No,Electronic check,90.96,2347.03,Yes,1,0,High,-17.929999999999836
7590-0431,Female,1,Yes,No,60,No,No phone service,Fiber optic,No,No,Yes,No,No,No,Month-to-month,No,Electronic check,54.41,3220.53,No,0,0,Medium,-44.06999999999971
7590-0044,Male,0,No,Yes,34,Yes,Yes,DSL,No,Yes,No,No,No,No,Month-to-month,Yes,Electronic check,55.55,1899.51,No,0,0,Medium,10.810000000000173
7590-0264,Male,0,Yes,Yes,9,No,No phone service,Fiber optic,No,No,No,Yes,Yes,No,Month-to-month,No,Electronic check,73.0,636.79,No,0,0,High,-20.210000000000036
7590-0078,Female,0,Yes,Yes,69,No,No phone service,Fiber optic,Yes,No,No,Yes,No,No,One year,Yes,Bank transfer (automatic),69.23,4745.52,No,0,0,Medium,-31.349999999999454
7590-0447,Female,0,Yes,No,9,No,No phone service,Fiber optic,Yes,Yes,Yes,No,Yes,Yes,Two year,Yes,Mailed check,96.89,900.13,Yes,1,0,High,28.120000000000005
7590-0101,Female,1,No,Yes,5,No,No phone service,Fiber optic,Yes,No,Yes,No,Yes,No,Two year,Yes,Mailed check,80.54,385.79,No,0,1,High,-16.910000000000025
7590-0310,Male,0,Yes,No,51,No,No phone service,No,No internet service,No internet service,No internet service,No internet service,No internet service,No internet service,Month-to-month,No,Bank transfer (automatic),18.0,922.67,No,0,0,Low,4.669999999999959
7590-0440,Female,0,Yes,No,43,No,No phone service,Fiber optic,Yes,No,No,No,No,No,Month-to-month,No,Credit card (automatic),64.64,2803.97,No,0,0,Medium,24.449999999999818
7590-0450,Male,0,Yes,Yes,62,No,No phone service,Fiber optic,No,Yes,No,No,No,No,One year,No,Electronic check,79.75,4955.61,No,0,0,High,11.109999999999673
7590-0420,Male,0,No,Yes,30,No,No phone service,DSL,Yes,Yes,No,Yes,Yes,Yes,One year,No,Electronic check,79.21,2335.97,No,0,0,High,-40.32999999999993
7590-0558,Female,0,Yes,Yes,69,No,No phone service,No,No internet service,No internet service,No internet service,No internet service,No internet service,No internet service,Month-to-month,Yes,Bank transfer (automatic),18.89,1267.75,No,0,0,Low,-35.66000000000008
7590-0163,Male,0,No,Yes,3,No,No phone service,Fiber optic,Yes,No,No,Yes,Yes,No,Month-to-month,Yes,Bank transfer (automatic),77.47,213.25,Yes,1,1,High,-19.159999999999997
7590-0494,Male,0,No,Yes,72,No,No phone service,No,No internet service,No internet service,No internet service,No internet service,No internet service,No internet service,Month-to-month,No,Credit card (automatic),31.43,2204.36,No,0,0,Low,-58.59999999999991
7590-0065,Female,0,No,No,21,No,No phone service,Fiber optic,Yes,Yes,No,No,Yes,No,Month-to-month,No,Credit card (automatic),71.76,1526.23,No,0,0,High,19.269999999999982
7590-0346,Female,1,No,Yes,4,No,No phone service,DSL,Yes,No,No,No,Yes,No,Month-to-month,Yes,Credit card (automatic),52.41,210.24,No,0,1,Medium,0.6000000000000227
7590-0049,Male,0,No,Yes,18,No,No phone service,DSL,No,No,Yes,Yes,No,Yes,Two year,Yes,Credit card (automatic),54.08,999.34,No,0,0,Medium,25.90000000000009
7590-0411,Male,0,No,Yes,7,No,No phone service,DSL,Yes,No,No,No,No,No,Two year,No,Bank transfer (automatic),63.5,435.35,No,0,0,Medium,-9.149999999999977
7590-0218,Female,0,No,Yes,9,No,No phone service,DSL,Yes,No,No,Yes,No,Yes,Two year,No,Electronic check,70.39,636.05,No,0,0,High,2.5399999999999636
7590-0039,Male,1,No,Yes,55,No,No phone service,Fiber optic,No,No,No,Yes,No,No,Two year,Yes,Credit card (automatic),56.08,3076.66,No,0,0,Medium,-7.7400000000002365
7590-0204,Male,0,No,Yes,2,No,No phone service,DSL,Yes,No,Yes,No,Yes,No,One year,Yes,Bank transfer (automatic),58.6,99.81,No,0,1,Medium,-17.39
7590-0322,Male,0,Yes,No,38,No,No phone service,No,No internet service,No internet service,No internet service,No internet service,No internet service,No internet service,One year,No,Credit card (automatic),18.0,677.42,No,0,0,Low,-6.580000000000041
7590-0006,Male,0,No,Yes,4,No,No phone service,Fiber optic,No,Yes,No,Yes,Yes,Yes,One year,Yes,Electronic check,79.94,359.63,No,0,1,High,39.870000000000005
7590-0589,Male,1,No,Yes,6,No,No phone service,DSL,Yes,No,No,Yes,Yes,Yes,One year,Yes,Credit card (automatic),69.68,423.4,No,0,1,Medium,5.319999999999936
7590-0529,Male,0,No,Yes,21,No,No phone service,Fiber optic,No,Yes,No,No,No,Yes,Two year,No,Bank transfer (automatic),76.51,1584.1,No,0,0,High,-22.610000000000127
7590-0608,Female,0,Yes,No,56,No,No phone service,No,No internet service,No internet service,No internet service,No internet service,No internet service,No internet service,Month-to-month,No,Bank transfer (automatic),28.98,1603.59,Yes,1,0,Low,-19.29000000000019
7590-0421,Male,0,Yes,Yes,32,No,No phone service,Fiber optic,No,No,Yes,Yes,No,Yes,Month-to-month,Yes,Credit card (automatic),79.71,2563.97,Yes,1,0,High,13.25
7590-0571,Male,1,No,No,57,No,No phone service,No,No internet service,No internet service,No internet service,No internet service,No internet service,No internet service,Month-to-month,No,Credit card (automatic),18.0,1046.65,No,0,0,Low,20.65000000000009
7590-0312,Male,0,Yes,Yes,30,No,No phone service,Fiber optic,Yes,No,No,No,No,Yes,Two year,No,Mailed check,70.96,2148.83,No,0,0,High,20.0300000000002
7590-0404,Male,0,Yes,No,69,Yes,No,No,No internet service,No internet service,No internet service,No internet service,No internet service,No internet service,Month-to-month,No,Bank transfer (automatic),30.1,2038.71,Yes,1,0,Low,-38.190000000000055
7590-0086,Female,0,No,No,56,No,No phone service,No,No internet service,No internet service,No internet service,No internet service,No internet service,No internet service,Month-to-month,No,Mailed check,22.91,,No,0,0,Low,-1260.05
7590-0257,Male,0,No,Yes,25,No,No phone service,Fiber optic,No,Yes,Yes,No,No,Yes,Month-to-month,No,Bank transfer (automatic),74.56,1868.83,No,0,0,High,4.829999999999927
7590-0265,Female,0,No,Yes,12,No,No phone service,Fiber optic,No,Yes,No,Yes,No,Yes,Month-to-month,No,Electronic check,90.22,1078.36,Yes,1,0,High,-4.279999999999973
7590-0603,Female,0,No,Yes,28,Yes,No,Fiber optic,No,No,No,No,No,No,Month-to-month,No,Mailed check,67.95,1912.86,No,0,0,Medium,10.259999999999764
7590-0109,Female,0,Yes,No,15,No,No phone service,No,No internet service,No internet service,No internet service,No internet service,No internet service,No internet service,Month-to-month,No,Credit card (automatic),18.0,295.6,No,0,0,Low,25.600000000000023
7590-0148,Male,0,Yes,Yes,18,No,No phone service,Fiber optic,No,No,Yes,Yes,No,No,Month-to-month,No,Electronic check,70.82,1301.72,Yes,1,0,High,26.960000000000264
7590-0041,Female,0,Yes,No,25,No,No phone service,Fiber optic,Yes,No,No,Yes,Yes,Yes,Month-to-month,No,Electronic check,77.41,1934.24,No,0,0,High,-1.009999999999991
7590-0350,Male,0,No,Yes,70,No,No phone service,Fiber optic,No,Yes,Yes,No,No,No,Two year,Yes,Bank transfer (automatic),79.64,5593.03,No,0,0,High,18.229999999999563
7590-0448,Male,0,No,No,31,No,No phone service,Fiber optic,No,No,No,No,No,No,Two year,Yes,Electronic check,57.07,1786.06,No,0,0,Medium,16.889999999999873
7590-0056,Female,1,Yes,No,18,No,No phone service,DSL,No,Yes,No,Yes,Yes,Yes,Month-to-month,Yes,Electronic check,73.2,1309.38,Yes,1,0,High,-8.220000000000027
7590-0646,Female,1,No,No,29,Yes,Yes,DSL,No,No,No,No,Yes,No,Two year,No,Mailed check,58.24,1719.94,No,0,0,Medium,30.980000000000018
7590-0344,Female,0,No,Yes,8,No,No phone service,Fiber optic,Yes,No,No,No,No,No,Two year,No,Credit card (automatic),47.51,363.63,No,0,0,Medium,-16.44999999999999
7590-0268,Female,0,Yes,Yes,40,No,No phone service,DSL,No,Yes,No,Yes,No,Yes,Two year,Yes,Mailed check,49.88,1973.27,No,0,0,Medium,-21.930000000000064
7590-0145,Female,0,No,No,53,No,No phone service,DSL,Yes,Yes,No,No,No,No,Two year,Yes,Electronic check,50.26,2639.53,No,0,0,Medium,-24.249999999999545
7590-0535,Male,0,Yes,Yes,67,No,No phone service,Fiber optic,No,Yes,Yes,No,Yes,No,Month-to-month,No,Electronic check,76.45,5120.13,Yes,1,0,High,-2.0200000000004366
7590-0108,Female,0,No,Yes,32,No,No phone service,Fiber optic,No,Yes,No,Yes,No,No,Month-to-month,Yes,Bank transfer (automatic),59.65,1950.61,Yes,1,0,Medium,41.809999999999945
7590-0024,Female,0,No,Yes,4,No,No phone service,No,No internet service,No internet service,No internet service,No internet service,No internet service,No internet service,Month-to-month,No,Electronic check,20.96,98.45,Yes,1,1,Low,14.61
7590-0118,Male,0,Yes,Yes,54,No,No phone service,DSL,No,No,Yes,Yes,No,Yes,Month-to-month,Yes,Electronic check,68.9,3751.06,No,0,0,Medium,30.45999999999958
7590-0133,Female,1,No,Yes,23,No,No phone service,Fiber optic,No,Yes,Yes,Yes,No,No,One year,No,Bank transfer (automatic),80.82,1881.38,Yes,1,0,High,22.52000000000021
7590-0319,Male,0,Yes,Yes,26,Yes,Yes,DSL,Yes,Yes,Yes,No,Yes,Yes,One year,No,Credit card (automatic),99.56,2597.88,No,0,0,High,9.320000000000164
7590-0631,Female,0,Yes,Yes,5,No,No phone service,Fiber optic,No,Yes,No,No,No,No,One year,No,Credit card (automatic),63.62,325.71,No,0,1,Medium,7.610000000000014
7590-0082,Female,0,No,Yes,38,No,No phone service,DSL,No,No,Yes,No,No,Yes,One year,No,Credit card (automatic),63.0,2403.54,No,0,0,Medium,9.539999999999964
7590-0480,Female,0,Yes,Yes,14,No,No phone service,No,No internet service,No internet service,No internet service,No internet service,No internet service,No internet service,Two year,No,Bank transfer (automatic),22.79,294.67,No,0,0,Low,-24.389999999999986
7590-0167,Male,0,No,Yes,20,No,No phone service,Fiber optic,Yes,No,Yes,No,No,Yes,Month-to-month,Yes,Credit card (automatic),95.36,1904.42,No,0,0,High,-2.7799999999999727
7590-0077,Male,1,Yes,Yes,45,No,No phone service,Fiber optic,Yes,No,Yes,No,No,No,Two year,No,Mailed check,69.29,3068.94,No,0,0,Medium,-49.11000000000013
7590-0521,Male,0,Yes,Yes,26,No,No phone service,DSL,Yes,No,No,Yes,No,No,One year,No,Credit card (automatic),49.36,1311.68,No,0,0,Medium,28.320000000000164
7590-0070,Male,0,No,Yes,13,No,No phone service,DSL,Yes,No,No,Yes,No,No,One year,Yes,Electronic check,57.65,742.18,No,0,0,Medium,-7.269999999999982
7590-0393,Female,0,No,Yes,53,No,No phone service,DSL,Yes,Yes,Yes,No,Yes,No,Two year,No,Bank transfer (automatic),65.29,3465.21,No,0,0,Medium,4.839999999999691
7590-0331,Male,1,No,Yes,39,No,No phone service,Fiber optic,No,No,No,No,Yes,No,Month-to-month,No,Electronic check,73.97,2838.34,No,0,0,High,-46.48999999999978
7590-0353,Male,0,Yes,Yes,14,No,No phone service,No,No internet service,No internet service,No internet service,No internet service,No internet service,No internet service,Month-to-month,No,Credit card (automatic),22.48,343.73,No,0,0,Low,29.00999999999999
7590-0132,Male,0,Yes,Yes,9,No,No phone service,DSL,Yes,No,No,No,No,No,Month-to-month,Yes,Electronic check,52.41,488.86,No,0,0,Medium,17.170000000000073
7590-0060,Male,0,Yes,No,17,No,No phone service,No,No internet service,No internet service,No internet service,No internet service,No internet service,No internet service,Month-to-month,Yes,Electronic check,19.36,320.13,No,0,0,Low,-8.990000000000009
7590-0212,Female,1,No,Yes,54,Yes,Yes,Fiber optic,Yes,No,No,Yes,Yes,Yes,Two year,No,Electronic check,87.37,4689.92,No,0,0,High,-28.0600000000004
7590-0579,Female,0,Yes,No,15,No,No phone service,Fiber optic,No,No,No,No,Yes,Yes,Month-to-month,Yes,Bank transfer (automatic),71.16,1034.75,Yes,1,0,High,-32.649999999999864
7590-0334,Male,0,Yes,Yes,17,No,No phone service,Fiber optic,No,No,No,Yes,No,Yes,Month-to-month,No,Credit card (automatic),84.8,1425.23,No,0,0,High,-16.36999999999989
7590-0340,Male,0,No,Yes,71,No,No phone service,DSL,Yes,No,Yes,No,Yes,No,Month-to-month,Yes,Electronic check,64.03,4512.51,No,0,0,Medium,-33.61999999999989
7590-0619,Female,0,No,Yes,50,No,No phone service,DSL,Yes,No,Yes,Yes,Yes,No,Month-to-month,No,Electronic check,63.32,3171.76,Yes,1,0,Medium,5.760000000000218
7590-0135,Male,0,No,Yes,24,No,No phone service,Fiber optic,Yes,No,No,Yes,No,Yes,Month-to-month,No,Electronic check,81.22,1922.1,No,0,0,High,-27.180000000000064
7590-0215,Female,0,No,Yes,49,No,No phone service,DSL,No,Yes,No,Yes,No,No,Month-to-month,No,Electronic check,51.94,2560.41,No,0,0,Medium,15.349999999999909
7590-0515,Male,0,No,Yes,38,No,No phone service,Fiber optic,No,Yes,No,Yes,Yes,No,Month-to-month,No,Credit card (automatic),75.75,2927.71,Yes,1,0,High,49.210000000000036
7590-0375,Female,0,Yes,No,27,No,No phone service,DSL,Yes,Yes,No,Yes,Yes,No,Two year,No,Bank transfer (automatic),51.76,1371.82,No,0,0,Medium,-25.700000000000045
7590-0369,Female,1,Yes,Yes,58,No,No phone service,No,No internet service,No internet service,No internet service,No internet service,No internet service,No internet service,One year,Yes,Electronic check,23.1,1319.15,No,0,0,Low,-20.65000000000009
7590-0244,Female,0,No,Yes,70,No,No phone service,Fiber optic,No,Yes,No,No,Yes,Yes,One year,No,Bank transfer (automatic),76.74,5358.84,No,0,0,High,-12.959999999999127
7590-0602,Male,0,No,Yes,15,No,No phone service,DSL,Yes,No,No,No,No,No,Month-to-month,No,Credit card (automatic),43.51,664.61,No,0,0,Medium,11.960000000000036
7590-0333,Male,0,No,Yes,2,No,No phone service,Fiber optic,No,No,Yes,Yes,No,No,One year,No,Bank transfer (automatic),56.5,,No,0,1,Medium,-56.5
7590-0029,Male,0,Yes,Yes,38,No,No phone service,DSL,No,Yes,No,No,Yes,Yes,Month-to-month,No,Electronic check,59.99,2267.8,No,0,0,Medium,-11.819999999999709
7590-0553,Female,1,Yes,Yes,59,No,No phone service,DSL,Yes,No,Yes,No,No,No,Two year,Yes,Mailed check,49.04,2887.02,No,0,0,Medium,-6.3400000000001455
7590-0286,Male,1,No,No,23,No,No phone service,Fiber optic,No,Yes,No,No,Yes,No,Month-to-month,No,Electronic check,73.98,1706.23,Yes,1,0,High,4.689999999999827
7590-0425,Male,1,No,Yes,18,No,No phone service,DSL,No,Yes,No,No,No,No,Two year,No,Bank transfer (automatic),37.56,670.93,No,0,0,Medium,-5.150000000000091
7590-0291,Male,1,No,No,27,No,No phone service,DSL,No,No,Yes,No,Yes,No,Month-to-month,No,Mailed check,61.35,1643.28,Yes,1,0,Medium,-13.170000000000073
7590-0380,Female,0,Yes,No,53,No,No phone service,No,No internet service,No internet service,No internet service,No internet service,No internet service,No internet service,Month-to-month,Yes,Mailed check,26.32,1377.28,No,0,0,Low,-17.680000000000064
7590-0581,Male,0,No,No,40,No,No phone service,No,No internet service,No internet service,No internet service,No internet service,No internet service,No internet service,Month-to-month,No,Mailed check,32.8,1266.64,No,0,0,Low,-45.3599999999999
7590-0430,Male,0,No,No,17,No,No phone service,No,No internet service,No internet service,No internet service,No internet service,No internet service,No internet service,Month-to-month,Yes,Credit card (automatic),18.0,289.1,Yes,1,0,Low,-16.899999999999977
7590-0208,Male,0,No,Yes,68,No,No phone service,No,No internet service,No internet service,No internet service,No internet service,No internet service,No internet service,Month-to-month,No,Bank transfer (automatic),36.24,2446.93,No,0,0,Medium,-17.390000000000327
7590-0290,Male,0,No,Yes,47,No,No phone service,DSL,No,No,Yes,Yes,No,Yes,Month-to-month,Yes,Credit card (automatic),54.66,2535.28,No,0,0,Medium,-33.73999999999978
7590-0320,Male,0,No,No,13,No,No phone service,Fiber optic,No,No,Yes,No,No,No,Month-to-month,Yes,Electronic check,64.1,856.02,Yes,1,0,Medium,22.720000000000027
7590-0332,Female,0,Yes,No,66,No,No phone service,No,No internet service,No internet service,No internet service,No internet service,No internet service,No internet service,One year,Yes,Credit card (automatic),25.63,1674.31,No,0,0,Low,-17.269999999999982
7590-0192,Female,0,Yes,No,16,No,No phone service,No,No internet service,No internet service,No internet service,No internet service,No internet service,No internet service,Month-to-month,No,Electronic check,18.0,263.08,No,0,0,Low,-24.920000000000016
7590-0609,Female,0,No,Yes,19,No,No phone service,DSL,No,No,No,No,No,No,Month-to-month,No,Bank transfer (automatic),42.92,829.34,No,0,0,Medium,13.860000000000014
7590-0444,Female,0,No,No,22,Yes,Yes,DSL,No,No,No,Yes,No,No,Month-to-month,Yes,Bank transfer (automatic),64.53,1386.31,Yes,1,0,Medium,-33.350000000000136
7590-0381,Male,0,No,No,3,No,No phone service,Fiber optic,No,No,No,No,Yes,Yes,Month-to-month,No,Credit card (automatic),63.65,208.53,Yes,1,1,Medium,17.580000000000013
7590-0305,Female,0,No,Yes,14,No,No phone service,Fiber optic,Yes,No,Yes,No,No,No,Month-to-month,No,Electronic check,85.09,1241.06,Yes,1,0,High,49.799999999999955
7590-0238,Male,0,Yes,Yes,45,No,No phone service,Fiber optic,Yes,No,No,No,No,No,One year,No,Mailed check,70.56,3168.97,No,0,0,High,-6.230000000000473
7590-0630,Male,1,No,Yes,7,No,No phone service,Fiber optic,Yes,No,No,No,No,No,Month-to-month,Yes,Bank transfer (automatic),65.29,484.13,Yes,1,0,Medium,27.099999999999966
7590-0104,Male,0,Yes,No,44,No,No phone service,Fiber optic,Yes,Yes,No,No,Yes,No,Two year,Yes,Credit card (automatic),58.13,2562.21,No,0,0,Medium,4.489999999999782
7590-0114,Male,0,No,Yes,11,No,No phone service,No,No internet service,No internet service,No internet service,No internet service,No internet service,No internet service,Month-to-month,Yes,Bank transfer (automatic),29.79,349.49,No,0,0,Low,21.80000000000001
7590-0155,Male,0,Yes,No,59,No,No phone service,No,No internet service,No internet service,No internet service,No internet service,No internet service,No internet service,One year,Yes,Electronic check,18.0,1096.71,No,0,0,Low,34.710000000000036
7590-0221,Male,1,No,Yes,5,No,No phone service,DSL,No,No,Yes,Yes,No,No,One year,No,Electronic check,49.13,232.1,Yes,1,1,Medium,-13.550000000000011
7590-0007,Male,0,No,Yes,33,Yes,No,Fiber optic,Yes,No,Yes,No,No,Yes,Month-to-month,Yes,Credit card (automatic),91.99,3090.31,Yes,1,0,High,54.64000000000033
7590-0248,Female,0,Yes,Yes,24,No,No phone service,DSL,No,Yes,Yes,No,No,No,One year,No,Credit card (automatic),45.76,1126.27,No,0,0,Medium,28.029999999999973
7590-0486,Female,0,Yes,Yes,32,No,No phone service,DSL,No,No,Yes,No,Yes,Yes,Month-to-month,Yes,Electronic check,56.92,1862.91,No,0,0,Medium,41.47000000000003
7590-0336,Female,0,No,No,41,No,No phone service,DSL,No,Yes,No,No,Yes,No,Month-to-month,No,Credit card (automatic),70.38,2858.33,Yes,1,0,High,-27.25
7590-0638,Male,0,No,Yes,3,No,No phone service,DSL,Yes,No,Yes,Yes,Yes,Yes,Month-to-month,No,Electronic check,61.1,233.37,Yes,1,1,Medium,50.06999999999999
7590-0329,Male,0,No,Yes,48,Yes,Yes,Fiber optic,No,Yes,No,No,No,No,Month-to-month,Yes,Electronic check,73.24,3517.51,No,0,0,High,1.9900000000006912
7590-0321,Female,0,No,No,45,No,No phone service,DSL,Yes,No,No,Yes,No,Yes,Month-to-month,No,Bank transfer (automatic),52.4,2326.24,Yes,1,0,Medium,-31.76000000000022
7590-0289,Female,0,Yes,Yes,39,No,No phone service,Fiber optic,Yes,Yes,No,No,No,Yes,Two year,Yes,Bank transfer (automatic),66.65,2585.58,No,0,0,Medium,-13.770000000000437
7590-0140,Female,0,Yes,No,21,No,No phone service,Fiber optic,Yes,No,No,No,No,No,Month-to-month,No,Electronic check,58.91,1224.53,Yes,1,0,Medium,-12.579999999999927
7590-0213,Male,0,No,Yes,29,No,No phone service,DSL,Yes,No,Yes,No,Yes,Yes,Month-to-month,No,Credit card (automatic),56.69,1664.46,Yes,1,0,Medium,20.450000000000045
7590-0043,Male,0,Yes,Yes,28,No,No phone service,Fiber optic,Yes,Yes,No,No,Yes,No,Month-to-month,Yes,Bank transfer (automatic),72.89,2093.41,Yes,1,0,High,52.48999999999978
7590-0042,Male,0,Yes,Yes,29,No,No phone service,DSL,No,No,No,No,Yes,Yes,One year,Yes,Mailed check,51.6,1474.35,No,0,0,Medium,-22.050000000000182
7590-0073,Female,1,Yes,Yes,8,No,No phone service,DSL,Yes,Yes,Yes,No,No,No,Two year,Yes,Credit card (automatic),48.81,401.18,No,0,0,Medium,10.699999999999989
7590-0582,Female,0,Yes,Yes,43,Yes,No,Fiber optic,No,No,No,No,Yes,No,Month-to-month,No,Electronic check,72.82,3120.96,No,0,0,High,-10.299999999999727
7590-0605,Female,0,Yes,Yes,47,No,No phone service,Fiber optic,No,No,Yes,Yes,Yes,No,Month-to-month,No,Bank transfer (automatic),78.43,3724.12,No,0,0,High,37.9099999999994
7590-0066,Male,0,No,Yes,69,No,No phone service,Fiber optic,Yes,Yes,No,Yes,No,No,Month-to-month,No,Bank transfer (automatic),88.87,6140.68,No,0,0,High,8.649999999999636
7590-0011,Male,0,Yes,Yes,37,No,No phone service,Fiber optic,Yes,No,No,No,No,No,One year,No,Electronic check,61.56,2257.6,No,0,0,Medium,-20.120000000000346
7590-0199,Male,0,No,No,66,No,No phone service,DSL,Yes,No,No,No,No,Yes,Two year,Yes,Bank transfer (automatic),43.49,2838.15,No,0,0,Medium,-32.190000000000055
7590-0527,Female,0,No,Yes,41,No,No phone service,DSL,Yes,Yes,No,No,Yes,Yes,Month-to-month,Yes,Electronic check,63.58,2617.6,Yes,1,0,Medium,10.820000000000164
7590-0604,Male,1,No,Yes,58,No,No phone service,Fiber optic,No,No,No,No,No,Yes,One year,Yes,Bank transfer (automatic),53.94,3132.65,No,0,0,Medium,4.130000000000109
7590-0433,Female,0,No,Yes,6,No,No phone service,No,No internet service,No internet service,No internet service,No internet service,No internet service,No internet service,Two year,No,Electronic check,18.0,123.41,No,0,1,Low,15.409999999999997
7590-0259,Male,0,No,Yes,26,No,No phone service,DSL,No,Yes,Yes,Yes,No,No,One year,No,Bank transfer (automatic),50.76,1288.9,No,0,0,Medium,-30.8599999999999
7590-0367,Male,0,Yes,Yes,31,No,No phone service,No,No internet service,No internet service,No internet service,No internet service,No internet service,No internet service,Month-to-month,No,Bank transfer (automatic),18.49,561.84,No,0,0,Low,-11.349999999999909
7590-0532,Female,0,No,No,59,No,No phone service,Fiber optic,Yes,Yes,Yes,Yes,Yes,Yes,Two year,No,Electronic check,84.22,4949.89,No,0,0,High,-19.089999999999236
7590-0584,Female,1,No,Yes,51,No,No phone service,Fiber optic,Yes,Yes,Yes,Yes,Yes,No,Month-to-month,Yes,Bank transfer (automatic),84.33,4288.06,No,0,0,High,-12.769999999999527
7590-0083,Male,1,Yes,No,7,Yes,No,No,No internet service,No internet service,No internet service,No internet service,No internet service,No internet service,Month-to-month,No,Mailed check,25.96,145.23,No,0,0,Low,-36.49000000000001
7590-0437,Female,0,Yes,Yes,42,No,No phone service,DSL,Yes,No,No,No,Yes,No,One year,No,Credit card (automatic),56.02,2339.97,No,0,0,Medium,-12.870000000000346
7590-0624,Female,0,Yes,Yes,0,No,No phone service,Fiber optic,No,No,Yes,No,Yes,Yes,Month-to-month,No,Credit card (automatic),87.9,,No,0,1,High,0.0
7590-0509,Female,0,Yes,Yes,56,No,No phone service,DSL,No,Yes,Yes,No,No,No,Month-to-month,No,Electronic check,67.42,3763.75,No,0,0,Medium,-11.769999999999982
7590-0079,Female,0,No,Yes,40,No,No phone service,DSL,No,No,Yes,Yes,Yes,No,Two year,No,Electronic check,76.51,3054.69,No,0,0,High,-5.710000000000036
7590-0023,Female,0,Yes,Yes,13,No,No phone service,No,No internet service,No internet service,No internet service,No internet service,No internet service,No internet service,Month-to-month,No,Electronic check,18.0,237.45,No,0,0,Low,3.4499999999999886
7590-0227,Male,0,No,No,8,No,No phone service,No,No internet service,No internet service,No internet service,No internet service,No internet service,No internet service,Two year,No,Mailed check,18.0,125.47,No,0,0,Low,-18.53
7590-0370,Female,0,Yes,Yes,20,No,No phone service,Fiber optic,Yes,No,No,Yes,Yes,Yes,Month-to-month,No,Credit card (automatic),77.11,1588.8,Yes,1,0,High,46.59999999999991
7590-0597,Female,0,No,Yes,52,No,No phone service,DSL,Yes,Yes,Yes,Yes,No,Yes,Two year,No,Electronic check,70.45,3649.22,No,0,0,High,-14.180000000000291
7590-0236,Male,1,No,Yes,14,No,No phone service,Fiber optic,Yes,No,Yes,Yes,No,Yes,One year,Yes,Mailed check,73.92,1011.98,No,0,0,High,-22.90000000000009
7590-0234,Male,0,Yes,No,66,No,No phone service,Fiber optic,No,Yes,Yes,Yes,No,No,Month-to-month,No,Bank transfer (automatic),63.96,4207.83,No,0,0,Medium,-13.529999999999745
7590-0311,Female,0,Yes,Yes,69,No,No phone service,Fiber optic,No,No,No,Yes,No,Yes,One year,Yes,Electronic check,63.28,4349.99,Yes,1,0,Medium,-16.329999999999927
7590-0256,Female,0,No,No,17,No,No phone service,DSL,Yes,Yes,No,Yes,No,No,Month-to-month,Yes,Electronic check,63.43,1062.54,No,0,0,Medium,-15.769999999999982
7590-0137,Female,0,Yes,No,32,No,No phone service,Fiber optic,Yes,No,Yes,Yes,Yes,No,Two year,No,Credit card (automatic),94.52,3045.2,No,0,0,High,20.559999999999945
7590-0274,Female,0,Yes,Yes,49,Yes,No,Fiber optic,Yes,No,Yes,No,No,Yes,Two year,No,Mailed check,102.76,5038.64,No,0,0,High,3.399999999999636
7590-0235,Male,0,No,Yes,44,No,No phone service,Fiber optic,No,No,No,No,No,No,One year,Yes,Credit card (automatic),49.12,2144.94,Yes,1,0,Medium,-16.33999999999969
7590-0580,Female,1,No,Yes,26,No,No phone service,No,No internet service,No internet service,No internet service,No internet service,No internet service,No internet service,Month-to-month,No,Mailed check,18.0,471.03,Yes,1,0,Low,3.0299999999999727
7590-0211,Male,0,Yes,Yes,46,No,No phone service,DSL,Yes,No,Yes,No,Yes,No,Two year,No,Credit card (automatic),68.8,,No,0,0,Medium,-3095.9999999999995
7590-0009,Male,1,No,Yes,1,Yes,Yes,DSL,No,No,Yes,No,Yes,No,One year,No,Bank transfer (automatic),82.52,122.62,Yes,1,1,High,40.10000000000001
7590-0613,Female,0,No,No,35,No,No phone service,Fiber optic,No,No,No,Yes,No,Yes,One year,Yes,Bank transfer (automatic),62.11,2140.61,No,0,0,Medium,-33.23999999999978
7590-0300,Male,0,Yes,Yes,13,No,No phone service,Fiber optic,Yes,Yes,No,No,No,No,Month-to-month,Yes,Mailed check,67.29,,Yes,1,0,Medium,-807.4800000000001
7590-0356,Male,1,Yes,No,29,No,No phone service,DSL,Yes,No,No,Yes,No,No,Month-to-month,No,Mailed check,56.71,1639.01,No,0,0,Medium,-5.579999999999927
7590-0635,Male,0,Yes,No,67,No,No phone service,DSL,Yes,No,No,No,No,No,One year,No,Bank transfer (automatic),43.19,2878.12,No,0,0,Medium,-15.610000000000127
7590-0574,Male,0,No,Yes,52,No,No phone service,DSL,Yes,No,Yes,No,No,Yes,One year,Yes,Credit card (automatic),58.5,3027.46,No,0,0,Medium,-14.539999999999964
7590-0084,Male,1,No,No,22,No,No phone service,Fiber optic,No,No,Yes,No,Yes,No,Month-to-month,No,Mailed check,71.63,1541.31,No,0,0,High,-34.549999999999955
7590-0296,Female,0,Yes,Yes,6,No,No phone service,DSL,No,Yes,No,Yes,Yes,Yes,Month-to-month,No,Electronic check,66.59,398.32,No,0,1,Medium,-1.2200000000000273
7590-0443,Female,0,No,Yes,6,Yes,No,DSL,No,No,Yes,Yes,Yes,Yes,One year,Yes,Mailed check,91.34,578.95,No,0,1,High,30.910000000000082
7590-0203,Male,1,Yes,Yes,8,No,No phone service,Fiber optic,No,No,No,Yes,No,No,Month-to-month,No,Credit card (automatic),54.78,,Yes,1,0,Medium,-383.46000000000004
7590-0196,Male,0,No,Yes,39,Yes,Yes,Fiber optic,No,Yes,No,No,No,No,One year,No,Mailed check,77.79,3009.35,No,0,0,High,-24.46000000000049
7590-0278,Female,0,No,No,44,No,No phone service,Fiber optic,Yes,Yes,Yes,No,Yes,No,Month-to-month,Yes,Credit card (automatic),89.93,3937.66,No,0,0,High,-19.26000000000022
7590-0093,Male,0,No,No,56,No,No phone service,No,No internet service,No internet service,No internet service,No internet service,No internet service,No internet service,Month-to-month,No,Credit card (automatic),18.0,1060.7,Yes,1,0,Low,52.700000000000045
7590-0407,Male,0,No,No,17,No,No phone service,Fiber optic,Yes,Yes,Yes,Yes,No,No,Month-to-month,No,Bank transfer (automatic),83.97,1411.5,No,0,0,High,-15.990000000000009
7590-0463,Female,1,No,No,69,No,No phone service,DSL,Yes,No,No,Yes,No,Yes,Month-to-month,No,Electronic check,54.98,3800.38,Yes,1,0,Medium,6.760000000000218
7590-0592,Male,0,No,Yes,5,No,No phone service,Fiber optic,No,Yes,No,No,Yes,No,Month-to-month,No,Mailed check,69.48,372.26,No,0,1,Medium,24.859999999999957
7590-0028,Male,1,No,Yes,17,No,No phone service,DSL,Yes,No,Yes,Yes,No,Yes,Month-to-month,No,Electronic check,63.82,,Yes,1,0,Medium,-1021.12
7590-0184,Female,0,Yes,No,16,No,No phone service,Fiber optic,No,No,No,Yes,No,No,Two year,Yes,Bank transfer (automatic),66.84,1080.64,No,0,0,Medium,11.200000000000045
7590-0522,Male,1,No,Yes,46,No,No phone service,Fiber optic,No,Yes,Yes,Yes,No,No,Month-to-month,No,Electronic check,67.06,3060.27,No,0,0,Medium,-24.490000000000236
7590-0178,Female,0,No,Yes,46,No,No phone service,DSL,No,No,Yes,Yes,No,No,Month-to-month,No,Bank transfer (automatic),55.79,2553.16,No,0,0,Medium,-13.180000000000291
7590-0260,Female,0,Yes,Yes,47,No,No phone service,DSL,Yes,No,Yes,No,No,Yes,One year,Yes,Electronic check,73.56,3486.4,Yes,1,0,High,29.079999999999927
7590-0153,Male,0,Yes,Yes,38,No,No phone service,Fiber optic,Yes,No,No,Yes,No,No,Month-to-month,Yes,Bank transfer (automatic),74.13,2834.12,No,0,0,High,17.18000000000029
7590-0075,Male,0,No,Yes,12,No,No phone service,Fiber optic,Yes,No,No,No,No,No,Month-to-month,No,Electronic check,61.65,729.32,Yes,1,0,Medium,-10.479999999999905
7590-0503,Female,1,No,Yes,37,No,No phone service,Fiber optic,Yes,No,Yes,No,Yes,No,One year,Yes,Credit card (automatic),76.8,2889.66,No,0,0,High,48.059999999999945
7590-0092,Male,0,Yes,Yes,51,No,No phone service,DSL,Yes,Yes,No,Yes,No,No,One year,No,Bank transfer (automatic),45.32,2309.22,No,0,0,Medium,-2.100000000000364
7590-0354,Female,0,Yes,Yes,24,No,No phone service,DSL,No,No,No,No,No,Yes,One year,No,Credit card (automatic),44.59,1069.44,Yes,1,0,Medium,-0.7200000000000273
7590-0068,Male,0,Yes,No,56,No,No phone service,DSL,No,Yes,Yes,Yes,No,Yes,Month-to-month,Yes,Electronic check,66.32,3721.14,Yes,1,0,Medium,7.220000000000255
7590-0482,Female,0,No,Yes,0,No,No phone service,Fiber optic,No,No,No,Yes,No,Yes,Month-to-month,Yes,Mailed check,76.77,,Yes,1,1,High,0.0
7590-0335,Female,0,Yes,Yes,32,No,No phone service,Fiber optic,No,Yes,Yes,Yes,No,No,Two year,Yes,Electronic check,64.9,2061.88,No,0,0,Medium,-14.920000000000073
7590-0188,Male,0,Yes,No,44,No,No phone service,Fiber optic,Yes,Yes,No,No,Yes,No,One year,No,Electronic check,71.7,3171.98,No,0,0,High,17.179999999999836
7590-0015,Male,0,No,No,25,No,No phone service,DSL,No,Yes,No,No,No,No,One year,No,Electronic check,42.26,1073.9,No,0,0,Medium,17.40000000000009
7590-0436,Female,0,Yes,Yes,35,No,No phone service,Fiber optic,Yes,No,Yes,Yes,No,No,Month-to-month,No,Bank transfer (automatic),75.98,2704.44,No,0,0,High,45.13999999999987
7590-0409,Male,0,No,Yes,1,Yes,No,DSL,Yes,Yes,Yes,No,No,No,Month-to-month,No,Mailed check,69.37,34.11,Yes,1,1,Medium,-35.260000000000005
7590-0088,Female,0,Yes,Yes,11,No,No phone service,No,No internet service,No internet service,No internet service,No internet service,No internet service,No internet service,Month-to-month,Yes,Credit card (automatic),22.81,212.21,Yes,1,0,Low,-38.69999999999999
7590-0545,Male,0,No,Yes,20,No,No phone service,DSL,No,No,No,No,No,Yes,Month-to-month,Yes,Bank transfer (automatic),52.16,1064.29,No,0,0,Medium,21.090000000000146
7590-0117,Male,1,No,Yes,11,No,No phone service,Fiber optic,No,No,No,No,No,No,One year,No,Bank transfer (automatic),53.46,590.97,No,0,0,Medium,2.909999999999968
7590-0625,Female,0,No,Yes,1,No,No phone service,DSL,Yes,Yes,Yes,No,No,Yes,Two year,Yes,Credit card (automatic),50.78,86.41,No,0,1,Medium,35.629999999999995
7590-0487,Female,0,No,No,69,No,No phone service,Fiber optic,Yes,No,No,No,No,No,Month-to-month,No,Bank transfer (automatic),54.3,3776.66,No,0,0,Medium,29.960000000000036
7590-0033,Female,0,No,Yes,34,No,No phone service,DSL,Yes,No,Yes,Yes,No,Yes,Month-to-month,Yes,Credit card (automatic),70.08,2360.58,No,0,0,High,-22.139999999999873
7590-0000,Male,0,Yes,Yes,50,No,No phone service,DSL,No,No,No,Yes,Yes,Yes,Month-to-month,Yes,Mailed check,50.98,2552.87,No,0,0,Medium,3.869999999999891
7590-0642,Male,0,No,No,35,No,No phone service,Fiber optic,Yes,No,No,No,No,Yes,Month-to-month,No,Electronic check,74.77,2631.83,No,0,0,High,14.88000000000011
7590-0250,Male,0,No,No,50,No,No phone service,Fiber optic,No,No,Yes,Yes,Yes,Yes,Two year,No,Electronic check,83.48,4190.04,No,0,0,High,16.039999999999964
7590-0412,Female,0,No,Yes,27,No,No phone service,No,No internet service,No internet service,No internet service,No internet service,No internet service,No internet service,Month-to-month,Yes,Bank transfer (automatic),35.12,992.14,No,0,0,Medium,43.90000000000009
7590-0396,Female,1,No,Yes,3,No,No phone service,DSL,No,Yes,No,No,No,Yes,Month-to-month,No,Credit card (automatic),38.41,126.02,No,0,1,Medium,10.790000000000006
7590-0499,Male,0,No,Yes,69,No,No phone service,Fiber optic,Yes,No,No,Yes,No,No,Two year,No,Mailed check,77.39,5365.6,No,0,0,High,25.69000000000051
7590-0302,Male,0,Yes,Yes,11,No,No phone service,Fiber optic,Yes,No,No,No,Yes,Yes,One year,No,Electronic check,72.95,812.33,No,0,0,High,9.879999999999995
7590-0022,Female,0,Yes,No,21,No,No phone service,Fiber optic,No,No,Yes,Yes,Yes,Yes,Month-to-month,Yes,Electronic check,71.49,1470.33,Yes,1,0,High,-30.960000000000036
7590-0061,Male,0,No,Yes,70,Yes,No,DSL,Yes,No,No,No,No,No,Month-to-month,Yes,Credit card (automatic),62.71,4425.51,No,0,0,Medium,35.8100000000004
7590-0116,Female,0,Yes,No,39,No,No phone service,Fiber optic,Yes,No,No,No,No,No,Month-to-month,No,Bank transfer (automatic),56.68,2209.69,Yes,1,0,Medium,-0.8299999999999272
7590-0501,Female,0,No,Yes,54,No,No phone service,Fiber optic,No,No,Yes,No,No,Yes,One year,No,Mailed check,61.7,3332.89,No,0,0,Medium,1.0899999999996908
7590-0228,Male,1,No,Yes,55,Yes,Yes,Fiber optic,No,Yes,Yes,No,Yes,No,One year,Yes,Bank transfer (automatic),97.22,5310.29,No,0,0,High,-36.8100000000004
7590-0089,Male,1,Yes,Yes,13,No,No phone service,Fiber optic,No,No,No,No,No,Yes,One year,No,Electronic check,79.74,1042.38,Yes,1,0,High,5.760000000000218
7590-0182,Male,0,Yes,No,6,No,No phone service,No,No internet service,No internet service,No internet service,No internet service,No internet service,No internet service,Month-to-month,Yes,Bank transfer (automatic),18.0,79.54,Yes,1,1,Low,-28.459999999999994
7590-0275,Male,0,Yes,No,29,No,No phone service,Fiber optic,No,Yes,No,Yes,No,No,Month-to-month,No,Bank transfer (automatic),62.42,1797.8,No,0,0,Medium,-12.38000000000011
7590-0284,Female,0,Yes,Yes,21,Yes,No,DSL,Yes,Yes,Yes,No,Yes,No,Month-to-month,No,Mailed check,77.8,1604.23,Yes,1,0,High,-29.569999999999936
7590-0018,Female,0,Yes,No,69,No,No phone service,DSL,No,No,No,No,No,Yes,One year,Yes,Mailed check,49.38,3424.48,No,0,0,Medium,17.259999999999764
7590-0495,Male,1,No,No,21,No,No phone service,No,No internet service,No internet service,No internet service,No internet service,No internet service,No internet service,Month-to-month,No,Electronic check,18.0,382.55,No,0,0,Low,4.550000000000011
7590-0399,Male,0,No,Yes,22,No,No phone service,Fiber optic,No,Yes,Yes,No,No,No,Two year,Yes,Bank transfer (automatic),58.14,1261.13,Yes,1,0,Medium,-17.949999999999818
7590-0144,Female,0,Yes,Yes,10,No,No phone service,DSL,No,Yes,No,No,No,No,Month-to-month,No,Credit card (automatic),49.55,507.88,Yes,1,0,Medium,12.379999999999995
7590-0338,Male,0,No,Yes,6,No,No phone service,Fiber optic,No,Yes,Yes,Yes,No,Yes,Month-to-month,Yes,Bank transfer (automatic),82.21,507.78,Yes,1,1,High,14.519999999999982
7590-0519,Male,0,No,Yes,19,Yes,No,DSL,No,No,Yes,Yes,Yes,No,Month-to-month,No,Mailed check,85.04,1597.48,No,0,0,High,-18.2800000000002
7590-0585,Female,0,No,Yes,10,No,No phone service,Fiber optic,No,Yes,No,Yes,No,No,Month-to-month,No,Bank transfer (automatic),83.77,867.95,No,0,0,High,30.250000000000114
7590-0432,Male,0,Yes,Yes,24,No,No phone service,Fiber optic,Yes,No,Yes,No,No,No,Month-to-month,Yes,Electronic check,67.37,1607.85,No,0,0,Medium,-9.0300000000002
7590-0405,Female,0,Yes,Yes,5,Yes,Yes,Fiber optic,Yes,No,Yes,Yes,Yes,No,Month-to-month,No,Credit card (automatic),109.28,569.27,No,0,1,High,22.870000000000005
7590-0046,Female,0,Yes,No,52,No,No phone service,DSL,No,No,Yes,Yes,Yes,Yes,One year,No,Bank transfer (automatic),57.02,2998.17,No,0,0,Medium,33.13000000000011
7590-0261,Male,0,Yes,Yes,71,No,No phone service,DSL,No,No,No,Yes,No,No,Month-to-month,No,Credit card (automatic),41.43,2951.84,No,0,0,Medium,10.309999999999945
7590-0195,Female,0,No,No,50,Yes,Yes,Fiber optic,No,No,Yes,Yes,No,No,Month-to-month,Yes,Credit card (automatic),88.25,4434.22,No,0,0,High,21.720000000000255
7590-0649,Male,1,Yes,Yes,6,No,No phone service,No,No internet service,No internet service,No internet service,No internet service,No internet service,No internet service,Month-to-month,No,Bank transfer (automatic),18.0,103.97,No,0,1,Low,-4.030000000000001
7590-0540,Female,0,No,Yes,2,No,No phone service,DSL,Yes,No,Yes,No,No,Yes,Month-to-month,No,Mailed check,51.66,87.48,Yes,1,1,Medium,-15.83999999999999
7590-0107,Male,1,Yes,Yes,63,No,No phone service,Fiber optic,No,No,No,Yes,Yes,Yes,Month-to-month,No,Bank transfer (automatic),70.49,4446.31,Yes,1,0,High,5.440000000000509
7590-0424,Female,0,No,Yes,8,No,No phone service,Fiber optic,No,No,Yes,No,No,No,Month-to-month,No,Electronic check,61.02,474.52,No,0,0,Medium,-13.640000000000043
7590-0457,Male,0,Yes,Yes,33,No,No phone service,No,No internet service,No internet service,No internet service,No internet service,No internet service,No internet service,Two year,Yes,Mailed check,44.3,1458.37,No,0,0,Medium,-3.5299999999999727
7590-0304,Male,0,No,No,27,No,No phone service,Fiber optic,Yes,No,No,Yes,No,No,Month-to-month,No,Credit card (automatic),55.85,1513.43,No,0,0,Medium,5.480000000000018
7590-0620,Male,0,Yes,Yes,70,No,No phone service,DSL,No,No,No,No,No,No,Two year,Yes,Electronic check,43.18,3010.76,No,0,0,Medium,-11.83999999999969
7590-0583,Male,1,Yes,Yes,47,No,No phone service,Fiber optic,No,Yes,No,No,Yes,No,Month-to-month,No,Electronic check,64.57,3053.78,Yes,1,0,Medium,18.99000000000069
7590-0578,Male,0,No,Yes,27,No,No phone service,Fiber optic,No,Yes,Yes,No,No,No,Month-to-month,Yes,Electronic check,77.39,2091.93,No,0,0,High,2.399999999999636
7590-0478,Female,0,Yes,No,32,No,No phone service,Fiber optic,No,No,Yes,Yes,Yes,No,Month-to-month,No,Electronic check,85.44,2718.03,No,0,0,High,-16.049999999999727
7590-0530,Female,0,Yes,No,45,No,No phone service,DSL,No,No,Yes,No,No,Yes,Month-to-month,No,Electronic check,61.89,2817.74,Yes,1,0,Medium,32.6899999999996
7590-0633,Female,0,No,Yes,24,No,No phone service,Fiber optic,No,No,No,No,Yes,No,Month-to-month,Yes,Electronic check,58.04,1376.0,No,0,0,Medium,-16.960000000000036
7590-0149,Male,1,No,Yes,46,No,No phone service,Fiber optic,No,No,No,No,No,No,One year,No,Credit card (automatic),50.38,2312.54,Yes,1,0,Medium,-4.940000000000055
7590-0124,Male,0,Yes,Yes,70,No,No phone service,Fiber optic,No,No,Yes,No,Yes,Yes,Month-to-month,No,Credit card (automatic),79.54,5571.72,Yes,1,0,High,3.9200000000000728
7590-0514,Male,0,Yes,Yes,17,No,No phone service,No,No internet service,No internet service,No internet service,No internet service,No internet service,No internet service,Month-to-month,No,Electronic check,18.0,361.77,No,0,0,Low,55.76999999999998
7590-0559,Female,0,Yes,Yes,44,No,No phone service,Fiber optic,No,Yes,No,Yes,Yes,Yes,Month-to-month,No,Electronic check,75.9,3308.3,No,0,0,High,-31.300000000000182
7590-0185,Female,0,Yes,Yes,16,Yes,Yes,DSL,Yes,Yes,No,Yes,No,Yes,One year,No,Mailed check,69.12,1082.99,No,0,0,Medium,-22.930000000000064
7590-0552,Male,0,Yes,No,67,No,No phone service,Fiber optic,No,No,No,Yes,No,Yes,Month-to-month,Yes,Mailed check,55.66,3729.84,No,0,0,Medium,0.6200000000003456
7590-0349,Female,1,Yes,Yes,47,No,No phone service,Fiber optic,Yes,No,No,No,Yes,No,Month-to-month,No,Mailed check,64.23,3058.5,Yes,1,0,Medium,39.6899999999996
7590-0640,Male,1,Yes,Yes,65,No,No phone service,Fiber optic,Yes,No,No,Yes,No,No,Month-to-month,Yes,Mailed check,73.55,4764.74,Yes,1,0,High,-16.01000000000022
7590-0598,Female,0,Yes,Yes,31,No,No phone service,Fiber optic,Yes,Yes,No,No,No,No,Month-to-month,Yes,Mailed check,58.76,1768.22,No,0,0,Medium,-53.33999999999992
7590-0142,Male,0,No,Yes,50,No,No phone service,Fiber optic,No,No,No,No,Yes,No,Two year,No,Mailed check,62.53,3118.34,No,0,0,Medium,-8.159999999999854
7590-0141,Male,0,No,Yes,51,No,No phone service,DSL,No,No,No,Yes,Yes,No,Month-to-month,No,Mailed check,55.82,2841.09,Yes,1,0,Medium,-5.730000000000018
7590-0636,Female,0,Yes,Yes,36,No,No phone service,Fiber optic,Yes,Yes,No,No,No,No,Month-to-month,No,Mailed check,69.21,2484.86,No,0,0,Medium,-6.699999999999818
7590-0019,Female,0,No,Yes,23,No,No phone service,No,No internet service,No internet service,No internet service,No internet service,No internet service,No internet service,Two year,Yes,Bank transfer (automatic),18.0,402.53,No,0,0,Low,-11.470000000000027
7590-0172,Female,0,Yes,No,51,No,No phone service,Fiber optic,No,No,No,Yes,No,No,Month-to-month,Yes,Electronic check,57.25,2958.74,Yes,1,0,Medium,38.98999999999978
7590-0526,Male,0,Yes,Yes,36,No,No phone service,DSL,No,Yes,No,Yes,No,Yes,One year,Yes,Electronic check,53.63,1928.59,No,0,0,Medium,-2.0900000000001455
7590-0012,Male,0,No,No,53,No,No phone service,Fiber optic,No,No,Yes,No,No,Yes,Month-to-month,No,Bank transfer (automatic),65.44,3431.6,Yes,1,0,Medium,-36.7199999999998
7590-0025,Male,0,No,Yes,14,No,No phone service,Fiber optic,No,Yes,No,Yes,No,No,One year,No,Credit card (automatic),71.43,1003.97,Yes,1,0,High,3.949999999999932
7590-0451,Female,0,No,Yes,65,No,No phone service,DSL,No,No,Yes,No,No,No,Month-to-month,Yes,Electronic check,47.6,3087.63,No,0,0,Medium,-6.369999999999891
7590-0169,Female,0,No,Yes,1,Yes,No,Fiber optic,No,No,No,No,No,No,One year,Yes,Electronic check,71.26,28.12,No,0,1,High,-43.14
7590-0452,Female,1,No,Yes,31,No,No phone service,Fiber optic,Yes,No,No,No,No,No,Two year,Yes,Credit card (automatic),64.36,2020.56,Yes,1,0,Medium,25.399999999999864
7590-0355,Male,0,No,No,1,No,No phone service,DSL,Yes,Yes,Yes,No,No,No,One year,No,Credit card (automatic),46.42,83.9,No,0,1,Medium,37.480000000000004
7590-0245,Male,0,No,No,25,No,No phone service,DSL,Yes,No,Yes,No,Yes,No,Month-to-month,Yes,Electronic check,57.89,1469.38,No,0,0,Medium,22.13000000000011
7590-0298,Male,0,No,No,9,No,No phone service,Fiber optic,No,Yes,No,No,Yes,Yes,Two year,No,Mailed check,68.6,624.81,No,0,0,Medium,7.409999999999968
7590-0569,Female,0,No,No,2,No,No phone service,DSL,No,No,No,Yes,No,Yes,Month-to-month,Yes,Electronic check,54.44,72.7,Yes,1,1,Medium,-36.17999999999999
7590-0272,Male,0,No,Yes,58,No,No phone service,DSL,No,Yes,Yes,No,No,No,Month-to-month,Yes,Bank transfer (automatic),51.88,2997.28,No,0,0,Medium,-11.759999999999764
7590-0154,Male,0,No,No,41,No,No phone service,No,No internet service,No internet service,No internet service,No internet service,No internet service,No internet service,Month-to-month,Yes,Credit card (automatic),18.0,766.13,Yes,1,0,Low,28.129999999999995
7590-0126,Female,0,Yes,Yes,38,No,No phone service,Fiber optic,No,No,Yes,No,No,No,Two year,Yes,Credit card (automatic),76.77,2926.32,No,0,0,High,9.0600000000004
7590-0500,Male,0,No,No,21,No,No phone service,No,No internet service,No internet service,No internet service,No internet service,No internet service,No internet service,One year,Yes,Credit card (automatic),25.19,513.79,No,0,0,Low,-15.200000000000045
7590-0287,Male,0,Yes,No,50,No,No phone service,DSL,No,No,No,No,No,No,Month-to-month,No,Credit card (automatic),32.35,1564.45,No,0,0,Low,-53.049999999999955
7590-0113,Female,0,Yes,Yes,69,No,No phone service,DSL,No,No,Yes,No,No,No,One year,No,Electronic check,34.31,2373.57,No,0,0,Low,6.179999999999836
7590-0481,Male,0,No,Yes,41,No,No phone service,Fiber optic,Yes,No,No,Yes,No,No,Two year,No,Mailed check,77.21,3105.34,No,0,0,High,-60.26999999999953
7590-0173,Male,0,Yes,Yes,20,No,No phone service,DSL,No,Yes,Yes,Yes,No,No,One year,No,Electronic check,52.7,1043.83,No,0,0,Medium,-10.170000000000073
7590-0057,Male,0,Yes,No,30,No,No phone service,No,No internet service,No internet service,No internet service,No internet service,No internet service,No internet service,Month-to-month,No,Credit card (automatic),31.94,1009.56,Yes,1,0,Low,51.3599999999999
7590-0477,Female,0,Yes,Yes,5,No,No phone service,No,No internet service,No internet service,No internet service,No internet service,No internet service,No internet service,Month-to-month,No,Bank transfer (automatic),18.56,31.6,No,0,1,Low,-61.199999999999996
7590-0222,Female,0,No,Yes,8,No,No phone service,Fiber optic,Yes,No,No,No,No,Yes,Month-to-month,Yes,Electronic check,55.8,438.2,Yes,1,0,Medium,-8.199999999999989
7590-0280,Male,0,No,Yes,39,No,No phone service,DSL,No,Yes,No,Yes,No,Yes,Month-to-month,No,Credit card (automatic),61.76,2431.61,No,0,0,Medium,22.970000000000255
7590-0017,Male,1,Yes,Yes,47,No,No phone service,Fiber optic,Yes,Yes,No,Yes,Yes,No,Month-to-month,No,Bank transfer (automatic),86.7,4085.34,No,0,0,High,10.440000000000055
7590-0357,Female,0,Yes,Yes,44,Yes,Yes,DSL,No,No,No,Yes,Yes,Yes,Two year,No,Credit card (automatic),88.2,3904.47,No,0,0,High,23.669999999999618
7590-0255,Male,0,Yes,Yes,27,No,No phone service,No,No internet service,No internet service,No internet service,No internet service,No internet service,No internet service,Two year,No,Credit card (automatic),18.0,447.99,No,0,0,Low,-38.00999999999999
7590-0364,Female,1,Yes,Yes,69,No,No phone service,Fiber optic,Yes,Yes,Yes,Yes,No,Yes,Two year,Yes,Credit card (automatic),82.28,5713.79,No,0,0,High,36.470000000000255
7590-0622,Male,0,Yes,Yes,46,No,No phone service,DSL,No,No,No,Yes,No,No,Two year,Yes,Mailed check,37.17,1661.53,No,0,0,Medium,-48.29000000000019
7590-0190,Female,0,Yes,Yes,38,No,No phone service,Fiber optic,No,No,No,No,No,Yes,Month-to-month,No,Bank transfer (automatic),63.32,2443.4,Yes,1,0,Medium,37.24000000000024
7590-0382,Male,0,Yes,No,62,No,No phone service,Fiber optic,No,No,No,No,Yes,No,Two year,Yes,Credit card (automatic),51.29,3201.44,No,0,0,Medium,21.460000000000036
7590-0570,Male,0,Yes,Yes,51,Yes,No,DSL,No,No,No,Yes,No,Yes,Month-to-month,Yes,Electronic check,60.42,3076.22,Yes,1,0,Medium,-5.200000000000273
7590-0327,Female,1,Yes,No,55,No,No phone service,Fiber optic,No,No,No,No,No,Yes,Month-to-month,No,Mailed check,56.09,3069.99,No,0,0,Medium,-14.960000000000491
7590-0094,Male,0,No,No,31,No,No phone service,DSL,No,No,Yes,No,No,No,Month-to-month,Yes,Bank transfer (automatic),61.1,1863.55,No,0,0,Medium,-30.550000000000182
7590-0180,Female,0,No,No,18,No,No phone service,No,No internet service,No internet service,No internet service,No internet service,No internet service,No internet service,Month-to-month,No,Bank transfer (automatic),32.44,,No,0,0,Low,-551.48
7590-0301,Male,0,No,No,14,No,No phone service,DSL,No,No,No,No,No,Yes,Month-to-month,No,Bank transfer (automatic),53.63,734.11,No,0,0,Medium,-16.710000000000036
7590-0442,Male,1,No,Yes,70,No,No phone service,Fiber optic,Yes,No,No,No,No,No,One year,No,Electronic check,56.0,3941.71,Yes,1,0,Medium,21.710000000000036
7590-0395,Female,0,Yes,Yes,33,No,No phone service,DSL,No,Yes,Yes,Yes,No,No,One year,Yes,Electronic check,60.13,2011.97,No,0,0,Medium,27.679999999999836
7590-0536,Female,0,Yes,Yes,29,No,No phone service,DSL,No,No,No,No,Yes,No,Two year,No,Electronic check,38.11,1089.44,No,0,0,Medium,-15.75
7590-0374,Male,0,No,No,60,No,No phone service,Fiber optic,No,No,Yes,Yes,No,No,Two year,No,Credit card (automatic),65.16,3923.34,No,0,0,Medium,13.740000000000236
7590-0005,Male,0,Yes,No,58,No,No phone service,DSL,No,No,Yes,No,No,No,Month-to-month,Yes,Mailed check,38.84,2292.57,Yes,1,0,Medium,39.84999999999991
7590-0045,Male,0,No,No,5,No,No phone service,DSL,Yes,Yes,No,Yes,No,Yes,Month-to-month,No,Electronic check,52.13,264.57,No,0,1,Medium,3.919999999999959
7590-0352,Female,0,Yes,Yes,46,No,No phone service,DSL,Yes,Yes,No,No,No,Yes,Month-to-month,Yes,Electronic check,66.65,3056.62,Yes,1,0,Medium,-9.2800000000002
7590-0641,Female,0,No,Yes,9,No,No phone service,Fiber optic,No,Yes,No,Yes,Yes,No,One year,No,Mailed check,70.17,659.01,Yes,1,0,High,27.480000000000018
7590-0456,Male,0,No,Yes,6,No,No phone service,Fiber optic,No,No,No,Yes,No,Yes,Month-to-month,No,Bank transfer (automatic),63.47,404.07,No,0,1,Medium,23.25
7590-0016,Female,1,Yes,Yes,20,No,No phone service,Fiber optic,Yes,No,No,No,No,No,Month-to-month,No,Bank transfer (automatic),68.14,1372.66,Yes,1,0,Medium,9.860000000000127
7590-0048,Male,0,Yes,Yes,32,No,No phone service,Fiber optic,No,Yes,No,No,Yes,No,Two year,Yes,Credit card (automatic),65.87,2157.61,No,0,0,Medium,49.76999999999998
7590-0628,Male,0,Yes,Yes,10,No,No phone service,No,No internet service,No internet service,No internet service,No internet service,No internet service,No internet service,Two year,No,Bank transfer (automatic),26.52,302.59,No,0,0,Low,37.389999999999986
7590-0593,Female,0,No,No,14,No,No phone service,Fiber optic,Yes,Yes,No,Yes,No,No,Month-to-month,No,Credit card (automatic),92.86,1329.39,No,0,0,High,29.350000000000136
7590-0003,Male,0,No,Yes,41,No,No phone service,Fiber optic,Yes,Yes,No,No,No,No,One year,Yes,Bank transfer (automatic),67.71,2805.57,No,0,0,Medium,29.46000000000049
7590-0390,Female,0,Yes,Yes,69,Yes,Yes,No,No internet service,No internet service,No internet service,No internet service,No internet service,No internet service,Month-to-month,Yes,Credit card (automatic),47.33,3220.06,No,0,0,Medium,-45.710000000000036
7590-0360,Female,1,No,Yes,56,No,No phone service,Fiber optic,No,No,No,No,No,No,Month-to-month,Yes,Mailed check,75.2,4229.62,No,0,0,High,18.420000000000073
7590-0316,Female,0,Yes,Yes,33,No,No phone service,DSL,No,Yes,No,Yes,Yes,Yes,Month-to-month,No,Mailed check,58.47,1938.77,No,0,0,Medium,9.259999999999991
7590-0283,Female,0,No,No,51,No,No phone service,DSL,No,No,Yes,No,No,Yes,One year,No,Credit card (automatic),55.73,2816.88,No,0,0,Medium,-25.34999999999991
7590-0434,Female,0,No,Yes,8,No,No phone service,DSL,No,Yes,No,No,Yes,Yes,One year,No,Credit card (automatic),54.44,447.75,No,0,0,Medium,12.230000000000018
7590-0285,Female,0,No,No,22,No,No phone service,No,No internet service,No internet service,No internet service,No internet service,No internet service,No internet service,Month-to-month,No,Electronic check,18.0,344.89,No,0,0,Low,-51.110000000000014
7590-0361,Male,0,Yes,Yes,9,No,No phone service,Fiber optic,No,No,No,No,No,No,One year,No,Mailed check,75.77,668.88,Yes,1,0,High,-13.049999999999955
7590-0225,Male,1,Yes,Yes,37,No,No phone service,Fiber optic,Yes,Yes,No,Yes,No,No,Two year,No,Bank transfer (automatic),79.79,2933.14,No,0,0,High,-19.090000000000146
7590-0026,Male,0,Yes,Yes,51,No,No phone service,Fiber optic,No,Yes,No,No,Yes,Yes,One year,Yes,Electronic check,63.71,3294.72,No,0,0,Medium,45.50999999999976
7590-0618,Male,1,No,Yes,39,No,No phone service,DSL,Yes,No,No,No,No,No,Month-to-month,No,Electronic check,60.35,2336.85,Yes,1,0,Medium,-16.800000000000182
7590-0263,Male,0,No,Yes,40,No,No phone service,DSL,No,No,Yes,No,Yes,No,One year,No,Mailed check,42.2,1661.19,No,0,0,Medium,-26.809999999999945
7590-0050,Female,0,Yes,Yes,34,No,No phone service,Fiber optic,No,Yes,Yes,No,No,Yes,Month-to-month,No,Bank transfer (automatic),78.44,2707.85,Yes,1,0,High,40.88999999999987
7590-0229,Female,0,Yes,Yes,22,No,No phone service,Fiber optic,No,No,Yes,No,No,Yes,Two year,Yes,Credit card (automatic),56.16,1230.23,No,0,0,Medium,-5.289999999999964
7590-0037,Male,0,No,Yes,38,No,No phone service,No,No internet service,No internet service,No internet service,No internet service,No internet service,No internet service,Month-to-month,No,Electronic check,18.0,,No,0,0,Low,-666.0
7590-0157,Male,0,No,Yes,6,No,No phone service,Fiber optic,No,No,No,No,Yes,No,Month-to-month,Yes,Credit card (automatic),64.36,426.16,No,0,1,Medium,40.00000000000006
7590-0237,Female,0,Yes,Yes,51,No,No phone service,Fiber optic,No,No,No,Yes,Yes,No,Month-to-month,Yes,Bank transfer (automatic),63.68,3296.43,Yes,1,0,Medium,48.75
7590-0623,Male,0,Yes,Yes,5,No,No phone service,Fiber optic,No,No,No,Yes,Yes,No,Two year,No,Electronic check,62.33,316.07,No,0,1,Medium,4.420000000000016
7590-0175,Male,0,Yes,Yes,33,No,No phone service,DSL,No,No,Yes,No,No,No,Month-to-month,Yes,Bank transfer (automatic),42.43,1417.75,No,0,0,Medium,17.559999999999945
7590-0546,Female,0,Yes,Yes,1,No,No phone service,Fiber optic,No,No,Yes,No,No,Yes,Month-to-month,Yes,Credit card (automatic),77.81,59.47,Yes,1,1,High,-18.340000000000003
7590-0417,Female,0,No,No,37,No,No phone service,Fiber optic,No,Yes,Yes,Yes,Yes,Yes,One year,Yes,Bank transfer (automatic),77.76,2876.41,No,0,0,High,-0.7100000000004911
7590-0194,Female,1,No,Yes,70,No,No phone service,No,No internet service,No internet service,No internet service,No internet service,No internet service,No internet service,Two year,No,Mailed check,22.01,1519.63,No,0,0,Low,-21.069999999999936
7590-0548,Male,0,Yes,Yes,67,Yes,No,DSL,Yes,Yes,Yes,No,Yes,No,One year,No,Mailed check,78.62,5301.89,No,0,0,High,34.350000000000364
7590-0587,Female,0,No,Yes,70,No,No phone service,DSL,No,No,Yes,No,No,No,Two year,No,Mailed check,39.77,2767.42,No,0,0,Medium,-16.480000000000018
7590-0627,Male,0,Yes,Yes,32,No,No phone service,DSL,No,No,Yes,No,No,No,Two year,No,Electronic check,55.46,1776.37,Yes,1,0,Medium,1.6499999999998636
7590-0554,Male,0,No,No,46,No,No phone service,DSL,No,Yes,Yes,Yes,Yes,No,Month-to-month,No,Bank transfer (automatic),71.26,3258.68,No,0,0,High,-19.2800000000002
7590-0067,Female,1,Yes,Yes,38,No,No phone service,Fiber optic,No,No,No,Yes,No,No,Month-to-month,Yes,Mailed check,66.82,2504.77,Yes,1,0,Medium,-34.38999999999987
7590-0383,Female,0,Yes,No,17,No,No phone service,No,No internet service,No internet service,No internet service,No internet service,No internet service,No internet service,Month-to-month,No,Bank transfer (automatic),33.1,538.57,No,0,0,Low,-24.129999999999995
7590-0168,Male,0,Yes,No,9,No,No phone service,Fiber optic,Yes,Yes,No,No,Yes,No,Two year,No,Credit card (automatic),70.88,681.1,No,0,0,High,43.180000000000064
7590-0388,Male,1,No,Yes,67,No,No phone service,Fiber optic,Yes,Yes,No,No,Yes,No,One year,No,Electronic check,75.38,5085.18,Yes,1,0,High,34.720000000000255
7590-0162,Female,0,No,Yes,37,No,No phone service,Fiber optic,No,Yes,No,No,Yes,Yes,Month-to-month,Yes,Credit card (automatic),79.37,2906.43,No,0,0,High,-30.26000000000022
7590-0309,Female,0,No,Yes,57,Yes,Yes,DSL,Yes,No,Yes,No,No,No,Month-to-month,No,Mailed check,58.68,3361.03,No,0,0,Medium,16.270000000000437
7590-0193,Male,0,Yes,Yes,14,No,No phone service,Fiber optic,Yes,No,No,Yes,No,No,Month-to-month,No,Bank transfer (automatic),71.31,1008.37,No,0,0,High,10.029999999999973
7590-0414,Female,0,No,No,12,No,No phone service,DSL,No,No,Yes,No,No,Yes,Two year,No,Electronic check,50.07,606.21,Yes,1,0,Medium,5.3700000000000045
7590-0365,Male,1,No,Yes,43,No,No phone service,Fiber optic,No,No,No,No,Yes,No,One year,No,Electronic check,68.87,2940.92,Yes,1,0,Medium,-20.490000000000236
7590-0429,Male,0,Yes,No,30,No,No phone service,Fiber optic,Yes,Yes,Yes,Yes,Yes,No,Month-to-month,Yes,Mailed check,86.99,2612.27,No,0,0,High,2.5700000000001637
7590-0152,Female,0,Yes,Yes,37,No,No phone service,No,No internet service,No internet service,No internet service,No internet service,No internet service,No internet service,Month-to-month,No,Electronic check,33.58,1236.3,No,0,0,Low,-6.160000000000082
7590-0556,Female,0,No,Yes,59,No,No phone service,Fiber optic,No,No,No,No,No,Yes,Two year,Yes,Electronic check,59.87,3539.53,No,0,0,Medium,7.200000000000273
7590-0403,Male,0,No,Yes,19,No,No phone service,Fiber optic,Yes,Yes,No,Yes,Yes,Yes,Month-to-month,No,Electronic check,87.34,1598.53,No,0,0,High,-60.930000000000064
7590-0226,Female,0,Yes,Yes,57,No,No phone service,Fiber optic,No,No,No,No,Yes,No,Month-to-month,Yes,Electronic check,49.08,2804.27,No,0,0,Medium,6.710000000000036
7590-0537,Male,0,Yes,Yes,65,No,No phone service,Fiber optic,No,No,Yes,Yes,Yes,No,Two year,No,Bank transfer (automatic),75.13,4850.44,No,0,0,High,-33.01000000000022
7590-0563,Male,0,Yes,No,23,No,No phone service,Fiber optic,Yes,No,Yes,Yes,No,No,One year,Yes,Credit card (automatic),69.53,1628.68,No,0,0,Medium,29.49000000000001
7590-0103,Male,0,Yes,Yes,51,No,No phone service,Fiber optic,No,No,No,No,No,Yes,Month-to-month,No,Mailed check,61.45,3145.03,No,0,0,Medium,11.079999999999927
7590-0469,Female,1,No,Yes,71,No,No phone service,Fiber optic,No,No,Yes,No,No,Yes,Month-to-month,No,Bank transfer (automatic),61.14,4326.16,No,0,0,Medium,-14.779999999999745
7590-0074,Male,0,Yes,No,0,No,No phone service,Fiber optic,Yes,No,No,No,No,No,Month-to-month,No,Credit card (automatic),48.16,,No,0,1,Medium,0.0
7590-0507,Female,0,No,Yes,59,No,No phone service,DSL,No,No,Yes,No,Yes,No,Two year,No,Credit card (automatic),48.11,2823.13,No,0,0,Medium,-15.359999999999673
7590-0626,Female,0,No,Yes,23,No,No phone service,DSL,No,Yes,Yes,Yes,Yes,Yes,Month-to-month,No,Bank transfer (automatic),68.24,1554.85,No,0,0,Medium,-14.670000000000073
7590-0119,Female,0,No,No,72,No,No phone service,DSL,No,No,No,No,Yes,Yes,Month-to-month,No,Credit card (automatic),38.96,2810.17,No,0,0,Medium,5.050000000000182
7590-0465,Female,0,No,No,61,No,No phone service,Fiber optic,No,No,No,No,No,No,Month-to-month,No,Mailed check,52.38,3227.82,No,0,0,Medium,32.63999999999987
7590-0568,Female,0,Yes,Yes,69,No,No phone service,Fiber optic,No,No,No,Yes,No,No,Month-to-month,Yes,Electronic check,61.32,4254.02,No,0,0,Medium,22.94000000000051
7590-0611,Female,0,Yes,Yes,22,No,No phone service,DSL,No,No,No,Yes,No,No,Two year,No,Credit card (automatic),44.26,996.83,No,0,0,Medium,23.110000000000127
7590-0207,Female,1,No,Yes,21,No,No phone service,DSL,Yes,Yes,No,No,No,Yes,Month-to-month,Yes,Bank transfer (automatic),51.89,1096.65,Yes,1,0,Medium,6.960000000000036
7590-0398,Female,0,No,Yes,19,No,No phone service,Fiber optic,No,Yes,No,No,No,Yes,Month-to-month,No,Bank transfer (automatic),76.77,1503.07,No,0,0,High,44.440000000000055
7590-0422,Male,1,No,No,54,No,No phone service,No,No internet service,No internet service,No internet service,No internet service,No internet service,No internet service,Month-to-month,Yes,Credit card (automatic),18.0,988.5,No,0,0,Low,16.5
7590-0408,Male,0,Yes,Yes,27,No,No phone service,DSL,Yes,No,No,No,No,Yes,One year,No,Credit card (automatic),72.13,1992.03,No,0,0,High,44.52000000000021
7590-0485,Male,0,Yes,No,28,Yes,Yes,Fiber optic,Yes,No,No,No,Yes,Yes,Month-to-month,No,Bank transfer (automatic),91.22,2556.01,No,0,0,High,1.8500000000003638
7590-0008,Female,0,Yes,Yes,20,No,No phone service,No,No internet service,No internet service,No internet service,No internet service,No internet service,No internet service,One year,No,Credit card (automatic),18.0,337.68,No,0,0,Low,-22.319999999999993
7590-0596,Female,0,Yes,Yes,5,No,No phone service,DSL,No,No,No,Yes,No,Yes,Month-to-month,No,Credit card (automatic),45.47,243.08,Yes,1,1,Medium,15.730000000000018
7590-0036,Female,0,No,Yes,50,No,No phone service,DSL,No,Yes,No,No,No,Yes,One year,Yes,Electronic check,59.57,2957.66,No,0,0,Medium,-20.840000000000146
7590-0139,Female,0,No,Yes,5,No,No phone service,DSL,No,No,No,Yes,Yes,No,Month-to-month,No,Mailed check,54.83,286.88,No,0,1,Medium,12.730000000000018
7590-0253,Female,1,Yes,Yes,50,No,No phone service,No,No internet service,No internet service,No internet service,No internet service,No internet service,No internet service,One year,No,Mailed check,18.0,866.26,No,0,0,Low,-33.74000000000001
7590-0303,Female,0,No,No,4,No,No phone service,Fiber optic,No,No,No,No,Yes,No,One year,Yes,Bank transfer (automatic),61.46,244.96,No,0,1,Medium,-0.8799999999999955
7590-0541,Female,0,No,Yes,27,No,No phone service,Fiber optic,No,Yes,No,Yes,Yes,Yes,Month-to-month,No,Electronic check,67.96,1804.3,Yes,1,0,Medium,-30.61999999999989
7590-0468,Male,0,Yes,Yes,53,No,No phone service,Fiber optic,No,No,No,No,No,Yes,Two year,No,Credit card (automatic),65.52,3497.69,No,0,0,Medium,25.13000000000011
7590-0368,Male,0,No,Yes,67,No,No phone service,DSL,Yes,Yes,Yes,No,No,Yes,Month-to-month,No,Electronic check,73.07,4910.58,No,0,0,High,14.890000000000327
7590-0059,Male,1,No,No,17,No,No phone service,DSL,Yes,No,No,Yes,No,No,Two year,No,Bank transfer (automatic),66.55,1137.9,No,0,0,Medium,6.550000000000182
7590-0111,Female,1,Yes,Yes,71,No,No phone service,Fiber optic,No,Yes,No,Yes,No,Yes,Two year,No,Bank transfer (automatic),54.71,3880.6,No,0,0,Medium,-3.8099999999999454
7590-0423,Male,0,No,No,4,Yes,No,DSL,Yes,No,No,No,No,Yes,One year,Yes,Credit card (automatic),56.68,220.31,No,0,1,Medium,-6.409999999999997
7590-0648,Female,0,No,Yes,18,No,No phone service,DSL,No,No,No,No,Yes,Yes,Month-to-month,No,Credit card (automatic),63.06,1166.37,Yes,1,0,Medium,31.289999999999964
7590-0426,Male,0,No,Yes,36,Yes,No,DSL,No,Yes,No,Yes,No,Yes,Month-to-month,No,Electronic check,73.58,2660.53,No,0,0,High,11.650000000000091
7590-0262,Female,0,No,No,34,No,No phone service,DSL,No,No,No,No,No,No,Month-to-month,Yes,Bank transfer (automatic),53.04,1812.62,No,0,0,Medium,9.259999999999991
7590-0542,Male,1,No,Yes,12,No,No phone service,Fiber optic,Yes,No,No,No,No,No,One year,No,Bank transfer (automatic),71.74,873.74,No,0,0,High,12.860000000000127
7590-0297,Female,0,Yes,Yes,65,No,No phone service,DSL,No,Yes,No,No,Yes,No,Two year,Yes,Credit card (automatic),50.02,3266.0,No,0,0,Medium,14.699999999999818
7590-0150,Male,0,Yes,Yes,36,Yes,No,DSL,No,No,No,No,No,No,Month-to-month,No,Credit card (automatic),60.57,2179.04,No,0,0,Medium,-1.4800000000000182
7590-0266,Female,0,Yes,No,68,No,No phone service,DSL,No,Yes,No,Yes,No,Yes,Month-to-month,No,Electronic check,63.39,4306.91,Yes,1,0,Medium,-3.610000000000582
7590-0590,Male,1,No,Yes,12,No,No phone service,Fiber optic,No,No,Yes,No,Yes,Yes,Month-to-month,No,Bank transfer (automatic),62.71,799.75,No,0,0,Medium,47.23000000000002
7590-0359,Female,1,No,Yes,28,No,No phone service,DSL,No,No,Yes,No,No,No,Month-to-month,No,Electronic check,50.31,1390.62,No,0,0,Medium,-18.060000000000173
7590-0573,Female,0,No,Yes,65,No,No phone service,No,No internet service,No internet service,No internet service,No internet service,No internet service,No internet service,Month-to-month,No,Mailed check,21.54,1409.42,No,0,0,Low,9.320000000000164
7590-0038,Female,1,No,Yes,68,No,No phone service,Fiber optic,No,Yes,No,No,Yes,No,Month-to-month,Yes,Bank transfer (automatic),78.34,5327.78,No,0,0,High,0.6599999999998545
7590-0127,Female,1,No,Yes,12,Yes,No,No,No internet service,No internet service,No internet service,No internet service,No internet service,No internet service,Month-to-month,No,Credit card (automatic),24.68,,No,0,0,Low,-271.47999999999996
7590-0416,Male,0,Yes,No,45,No,No phone service,DSL,No,No,Yes,No,No,Yes,Month-to-month,Yes,Electronic check,41.37,1855.0,No,0,0,Medium,-6.649999999999864
7590-0307,Male,0,Yes,Yes,61,No,No phone service,No,No internet service,No internet service,No internet service,No internet service,No internet service,No internet service,One year,No,Bank transfer (automatic),26.5,1608.41,No,0,0,Low,-8.089999999999918
7590-0198,Female,0,Yes,Yes,47,No,No phone service,DSL,Yes,No,No,No,Yes,No,Month-to-month,No,Bank transfer (automatic),53.43,2473.03,No,0,0,Medium,-38.179999999999836
7590-0351,Male,0,Yes,Yes,50,Yes,No,Fiber optic,No,No,No,No,No,Yes,Month-to-month,No,Mailed check,86.42,4322.41,Yes,1,0,High,1.4099999999998545
7590-0595,Male,0,Yes,Yes,0,No,No phone service,DSL,No,No,No,Yes,No,No,One year,Yes,Mailed check,64.2,,Yes,1,1,Medium,0.0
7590-0146,Female,0,Yes,Yes,55,Yes,Yes,DSL,No,Yes,No,No,No,No,Month-to-month,No,Electronic check,76.01,4174.1,No,0,0,High,-6.449999999999818
7590-0601,Female,0,Yes,Yes,18,No,No phone service,DSL,Yes,Yes,No,No,Yes,Yes,Month-to-month,Yes,Bank transfer (automatic),49.61,893.28,Yes,1,0,Medium,0.2999999999999545
7590-0506,Female,0,No,No,61,No,No phone service,No,No internet service,No internet service,No internet service,No internet service,No internet service,No internet service,Month-to-month,Yes,Mailed check,18.0,1100.44,No,0,0,Low,2.4400000000000546
7590-0419,Female,0,Yes,No,56,No,No phone service,No,No internet service,No internet service,No internet service,No internet service,No internet service,No internet service,Two year,No,Credit card (automatic),24.7,1387.37,No,0,0,Low,4.169999999999845
7590-0575,Female,1,No,Yes,9,No,No phone service,Fiber optic,No,Yes,Yes,Yes,Yes,Yes,Month-to-month,No,Mailed check,89.11,799.98,No,0,0,High,-2.009999999999991
7590-0147,Female,0,No,Yes,57,No,No phone service,DSL,Yes,No,No,No,No,Yes,Month-to-month,No,Mailed check,43.98,2518.08,Yes,1,0,Medium,11.220000000000255
7590-0612,Female,0,No,No,44,No,No phone service,DSL,No,No,Yes,No,No,No,Month-to-month,Yes,Electronic check,43.16,1894.57,Yes,1,0,Medium,-4.470000000000027
7590-0348,Female,0,No,No,56,No,No phone service,Fiber optic,Yes,No,No,Yes,No,No,Month-to-month,Yes,Bank transfer (automatic),68.89,3850.43,No,0,0,Medium,-7.410000000000309
7590-0325,Female,0,No,Yes,32,No,No phone service,DSL,No,No,No,Yes,Yes,No,Two year,Yes,Electronic check,46.07,1483.41,No,0,0,Medium,9.170000000000073
7590-0470,Female,1,No,No,17,No,No phone service,DSL,No,Yes,Yes,No,Yes,Yes,Month-to-month,Yes,Credit card (automatic),65.29,1071.97,No,0,0,Medium,-37.960000000000036
7590-0123,Female,1,Yes,Yes,37,No,No phone service,Fiber optic,Yes,No,No,Yes,No,Yes,Two year,No,Bank transfer (automatic),67.68,2497.84,No,0,0,Medium,-6.320000000000164
7590-0547,Male,1,Yes,Yes,71,No,No phone service,No,No internet service,No internet service,No internet service,No internet service,No internet service,No internet service,Month-to-month,Yes,Mailed check,18.0,1283.7,Yes,1,0,Low,5.7000000000000455
7590-0096,Male,0,Yes,Yes,26,No,No phone service,Fiber optic,Yes,No,No,Yes,No,No,Two year,No,Mailed check,62.0,1593.55,No,0,0,Medium,-18.450000000000045
7590-0143,Female,0,No,Yes,56,No,No phone service,DSL,No,Yes,Yes,Yes,Yes,Yes,Month-to-month,No,Electronic check,66.66,3757.21,Yes,1,0,Medium,24.25
7590-0239,Male,0,No,Yes,15,No,No phone service,DSL,No,No,No,No,No,Yes,Month-to-month,No,Mailed check,44.91,700.25,Yes,1,0,Medium,26.600000000000023
7590-0394,Female,0,No,Yes,35,No,No phone service,No,No internet service,No internet service,No internet service,No internet service,No internet service,No internet service,Month-to-month,Yes,Mailed check,18.0,577.34,No,0,0,Low,-52.65999999999997
7590-0453,Female,0,No,Yes,59,No,No phone service,Fiber optic,No,No,Yes,Yes,Yes,No,Month-to-month,Yes,Mailed check,66.44,3933.06,No,0,0,Medium,13.099999999999909
7590-0097,Female,0,Yes,Yes,39,No,No phone service,Fiber optic,Yes,Yes,Yes,Yes,No,No,Month-to-month,No,Bank transfer (automatic),67.38,2648.77,Yes,1,0,Medium,20.950000000000273
7590-0371,Male,0,Yes,No,28,No,No phone service,Fiber optic,No,Yes,No,Yes,Yes,Yes,Two year,Yes,Credit card (automatic),71.08,1994.33,No,0,0,High,4.089999999999918
7590-0324,Female,0,No,No,3,No,No phone service,Fiber optic,No,No,No,No,No,Yes,Month-to-month,Yes,Electronic check,58.1,163.72,No,0,1,Medium,-10.580000000000013
7590-0279,Female,0,No,Yes,61,No,No phone service,DSL,No,Yes,No,Yes,No,No,Month-to-month,Yes,Credit card (automatic),48.81,2995.57,Yes,1,0,Medium,18.159999999999854
7590-0293,Male,0,Yes,Yes,48,No,No phone service,No,No internet service,No internet service,No internet service,No internet service,No internet service,No internet service,Two year,No,Electronic check,19.26,946.85,No,0,0,Low,22.370000000000005
7590-0254,Male,0,No,No,53,No,No phone service,No,No internet service,No internet service,No internet service,No internet service,No internet service,No internet service,Two year,Yes,Electronic check,18.0,938.35,No,0,0,Low,-15.649999999999977
7590-0400,Male,0,No,Yes,9,No,No phone service,DSL,No,No,No,No,No,No,Month-to-month,No,Mailed check,41.12,381.59,No,0,0,Medium,11.509999999999991
7590-0122,Female,0,No,Yes,67,No,No phone service,Fiber optic,Yes,No,No,No,No,No,Month-to-month,Yes,Bank transfer (automatic),53.0,3498.76,Yes,1,0,Medium,-52.23999999999978
7590-0183,Male,0,No,No,8,No,No phone service,Fiber optic,Yes,Yes,No,Yes,Yes,No,One year,No,Electronic check,92.13,771.95,Yes,1,0,High,34.91000000000008
7590-0202,Male,0,No,Yes,48,No,No phone service,DSL,No,No,Yes,Yes,No,No,Two year,Yes,Bank transfer (automatic),52.0,2534.29,No,0,0,Medium,38.289999999999964
7590-0438,Male,0,Yes,No,68,No,No phone service,Fiber optic,No,No,No,Yes,Yes,No,Month-to-month,No,Electronic check,70.09,4769.47,No,0,0,High,3.350000000000364
7590-0323,Male,0,No,Yes,14,No,No phone service,DSL,No,Yes,No,No,No,No,One year,Yes,Bank transfer (automatic),50.71,728.63,Yes,1,0,Medium,18.68999999999994
7590-0246,Female,1,No,Yes,65,No,No phone service,DSL,Yes,Yes,No,No,Yes,No,Two year,Yes,Mailed check,70.39,4566.75,No,0,0,High,-8.600000000000364
7590-0415,Female,1,No,No,22,No,No phone service,DSL,No,No,No,No,Yes,No,Month-to-month,Yes,Electronic check,36.54,787.16,No,0,0,Medium,-16.720000000000027
7590-0538,Male,1,No,Yes,9,No,No phone service,Fiber optic,No,Yes,No,No,No,No,Month-to-month,No,Electronic check,68.48,634.0,Yes,1,0,Medium,17.67999999999995
7590-0488,Female,0,Yes,No,35,No,No phone service,Fiber optic,No,No,Yes,Yes,No,No,Month-to-month,No,Electronic check,60.11,2086.79,Yes,1,0,Medium,-17.059999999999945
7590-0539,Female,1,No,Yes,50,No,No phone service,Fiber optic,No,No,Yes,No,Yes,Yes,Two year,No,Electronic check,86.34,4364.68,No,0,0,High,47.68000000000029
7590-0493,Female,0,No,No,8,No,No phone service,DSL,No,No,No,No,Yes,Yes,Month-to-month,Yes,Bank transfer (automatic),56.96,452.72,Yes,1,0,Medium,-2.9599999999999795
7590-0572,Female,0,Yes,Yes,57,No,No phone service,DSL,No,No,No,Yes,No,No,One year,No,Electronic check,39.78,2246.82,No,0,0,Medium,-20.639999999999873
7590-0467,Male,1,No,Yes,15,No,No phone service,Fiber optic,Yes,No,No,No,Yes,No,Two year,Yes,Electronic check,80.21,1194.88,No,0,0,High,-8.269999999999754
7590-0125,Male,1,No,Yes,23,No,No phone service,Fiber optic,Yes,No,No,Yes,No,No,Month-to-month,Yes,Mailed check,51.23,1162.5,No,0,0,Medium,-15.789999999999964
7590-0402,Female,0,Yes,No,21,No,No phone service,Fiber optic,Yes,No,No,No,Yes,No,Month-to-month,No,Bank transfer (automatic),71.74,1540.36,Yes,1,0,High,33.819999999999936
7590-0512,Male,0,Yes,Yes,55,No,No phone service,No,No internet service,No internet service,No internet service,No internet service,No internet service,No internet service,Two year,Yes,Mailed check,20.87,1140.25,No,0,0,Low,-7.600000000000136
7590-0496,Female,1,Yes,Yes,68,No,No phone service,DSL,No,No,No,Yes,No,No,Two year,Yes,Electronic check,50.76,3431.99,No,0,0,Medium,-19.690000000000055
7590-0223,Male,0,No,Yes,13,Yes,Yes,DSL,No,No,Yes,No,Yes,No,Month-to-month,No,Credit card (automatic),59.76,811.56,Yes,1,0,Medium,34.67999999999995
7590-0342,Female,0,No,No,6,Yes,No,No,No internet service,No internet service,No internet service,No internet service,No internet service,No internet service,Month-to-month,Yes,Electronic check,41.99,268.86,No,0,1,Medium,16.920000000000016
7590-0053,Female,1,No,Yes,54,No,No phone service,No,No internet service,No internet service,No internet service,No internet service,No internet service,No internet service,Month-to-month,No,Bank transfer (automatic),18.0,990.15,No,0,0,Low,18.149999999999977
7590-0219,Female,0,No,Yes,11,No,No phone service,No,No internet service,No internet service,No internet service,No internet service,No internet service,No internet service,Month-to-month,Yes,Credit card (automatic),31.16,329.79,No,0,0,Low,-12.96999999999997
7590-0129,Male,0,No,Yes,21,No,No phone service,DSL,Yes,No,No,No,Yes,No,Month-to-month,Yes,Mailed check,50.96,1040.24,No,0,0,Medium,-29.920000000000073
7590-0588,Female,0,Yes,Yes,35,No,No phone service,DSL,No,Yes,No,Yes,No,No,One year,No,Mailed check,64.04,2313.97,No,0,0,Medium,72.56999999999971
7590-0473,Female,0,No,No,48,No,No phone service,DSL,No,Yes,No,No,No,No,Month-to-month,No,Electronic check,43.72,2111.86,No,0,0,Medium,13.300000000000182
7590-0186,Male,1,Yes,Yes,21,No,No phone service,DSL,Yes,Yes,No,Yes,No,Yes,Month-to-month,No,Bank transfer (automatic),66.75,1397.14,No,0,0,Medium,-4.6099999999999
7590-0591,Male,0,Yes,No,62,No,No phone service,Fiber optic,No,No,No,Yes,Yes,No,Two year,Yes,Mailed check,51.57,3206.73,No,0,0,Medium,9.389999999999873
7590-0439,Female,0,Yes,No,58,No,No phone service,Fiber optic,No,No,Yes,No,No,Yes,Two year,No,Electronic check,56.51,3258.32,No,0,0,Medium,-19.259999999999764
7590-0617,Male,0,Yes,Yes,24,Yes,No,Fiber optic,Yes,Yes,Yes,Yes,No,Yes,Month-to-month,Yes,Credit card (automatic),118.27,2813.36,No,0,0,High,-25.11999999999989
7590-0100,Female,0,Yes,Yes,46,No,No phone service,DSL,Yes,Yes,Yes,Yes,No,No,Month-to-month,No,Credit card (automatic),73.21,3370.42,No,0,0,High,2.7600000000002183
7590-0483,Female,0,No,Yes,32,No,No phone service,No,No internet service,No internet service,No internet service,No internet service,No internet service,No internet service,Month-to-month,Yes,Bank transfer (automatic),18.0,576.75,Yes,1,0,Low,0.75
7590-0386,Female,1,No,Yes,44,Yes,Yes,Fiber optic,Yes,Yes,Yes,No,No,No,One year,No,Credit card (automatic),87.33,3843.92,No,0,0,High,1.400000000000091
7590-0629,Female,0,No,Yes,3,No,No phone service,Fiber optic,Yes,No,Yes,No,No,No,Month-to-month,Yes,Electronic check,72.18,237.44,Yes,1,1,High,20.899999999999977
7590-0294,Female,0,Yes,No,58,No,No phone service,Fiber optic,No,No,Yes,No,Yes,Yes,Month-to-month,Yes,Bank transfer (automatic),76.08,4374.2,No,0,0,High,-38.44000000000051
7590-0267,Male,1,Yes,No,26,No,No phone service,DSL,No,Yes,No,No,No,Yes,Month-to-month,Yes,Credit card (automatic),47.11,1214.24,Yes,1,0,Medium,-10.61999999999989
7590-0051,Female,0,No,Yes,45,No,No phone service,Fiber optic,Yes,No,No,Yes,No,No,Month-to-month,Yes,Mailed check,76.61,3435.5,No,0,0,High,-11.949999999999818
7590-0441,Female,0,Yes,Yes,36,No,No phone service,No,No internet service,No internet service,No internet service,No internet service,No internet service,No internet service,One year,No,Credit card (automatic),18.61,625.73,No,0,0,Low,-44.23000000000002
7590-0557,Male,1,Yes,Yes,62,Yes,Yes,Fiber optic,Yes,No,No,No,No,No,One year,No,Credit card (automatic),102.9,6392.09,No,0,0,High,12.289999999999964
7590-0112,Male,0,Yes,No,15,No,No phone service,DSL,No,No,No,No,Yes,Yes,One year,Yes,Electronic check,61.13,933.86,No,0,0,Medium,16.909999999999968
7590-0179,Female,0,Yes,Yes,20,No,No phone service,Fiber optic,No,No,No,No,No,No,One year,No,Bank transfer (automatic),59.5,1198.14,Yes,1,0,Medium,8.1400000000001
7590-0518,Male,1,No,Yes,8,Yes,Yes,DSL,No,No,Yes,No,No,No,One year,No,Electronic check,69.04,507.6,Yes,1,0,Medium,-44.72000000000003
7590-0621,Male,0,No,Yes,40,No,No phone service,DSL,Yes,Yes,Yes,No,Yes,Yes,Month-to-month,No,Credit card (automatic),69.84,2796.08,Yes,1,0,Medium,2.4799999999995634
7590-0531,Female,0,No,Yes,47,No,No phone service,Fiber optic,No,No,No,Yes,No,Yes,Month-to-month,No,Mailed check,72.02,3356.17,No,0,0,High,-28.769999999999527
7590-0525,Male,0,Yes,No,64,No,No phone service,No,No internet service,No internet service,No internet service,No internet service,No internet service,No internet service,Month-to-month,No,Electronic check,25.52,1588.71,Yes,1,0,Low,-44.569999999999936
7590-0373,Female,1,Yes,Yes,72,No,No phone service,Fiber optic,No,No,Yes,No,No,No,Month-to-month,No,Bank transfer (automatic),50.09,3575.41,Yes,1,0,Medium,-31.07000000000062
7590-0314,Male,1,Yes,Yes,35,No,No phone service,Fiber optic,Yes,Yes,Yes,Yes,No,Yes,Month-to-month,Yes,Electronic check,68.94,2413.39,No,0,0,Medium,0.4899999999997817
7590-0462,Female,0,No,Yes,50,No,No phone service,Fiber optic,Yes,No,No,No,No,Yes,Month-to-month,No,Mailed check,72.61,3653.6,Yes,1,0,High,23.09999999999991
7590-0151,Male,0,No,Yes,32,No,No phone service,Fiber optic,Yes,No,No,No,Yes,No,Month-to-month,No,Electronic check,61.18,1958.88,No,0,0,Medium,1.1200000000001182
7590-0171,Female,0,Yes,Yes,11,No,No phone service,Fiber optic,Yes,No,No,Yes,No,No,Two year,No,Electronic check,66.16,702.84,No,0,0,Medium,-24.91999999999996
7590-0233,Male,0,Yes,Yes,9,No,No phone service,DSL,No,Yes,No,Yes,No,No,Month-to-month,No,Bank transfer (automatic),41.91,409.42,Yes,1,0,Medium,32.230000000000075
7590-0306,Male,0,No,Yes,14,No,No phone service,Fiber optic,No,No,Yes,Yes,Yes,Yes,Two year,No,Credit card (automatic),83.97,1157.0,No,0,0,High,-18.579999999999927
7590-0513,Female,0,Yes,No,3,No,No phone service,DSL,Yes,No,No,No,Yes,Yes,Month-to-month,Yes,Electronic check,54.08,126.0,Yes,1,1,Medium,-36.24000000000001
7590-0164,Male,0,No,No,68,No,No phone service,DSL,Yes,No,No,No,Yes,No,One year,Yes,Mailed check,62.83,4271.96,No,0,0,Medium,-0.47999999999956344
7590-0317,Male,0,Yes,Yes,3,No,No phone service,No,No internet service,No internet service,No internet service,No internet service,No internet service,No internet service,Month-to-month,No,Credit card (automatic),30.35,85.11,Yes,1,1,Low,-5.940000000000012
7590-0136,Male,0,Yes,No,2,No,No phone service,Fiber optic,No,No,Yes,Yes,No,No,Month-to-month,Yes,Bank transfer (automatic),62.84,147.62,No,0,1,Medium,21.939999999999998
7590-0410,Male,0,Yes,Yes,40,No,No phone service,DSL,No,No,No,No,No,No,Month-to-month,Yes,Electronic check,42.19,1714.86,No,0,0,Medium,27.25999999999999
7590-0577,Female,0,Yes,No,2,No,No phone service,Fiber optic,No,Yes,No,Yes,No,Yes,Month-to-month,No,Credit card (automatic),68.23,112.02,No,0,1,Medium,-24.440000000000012
7590-0197,Male,0,Yes,No,37,No,No phone service,Fiber optic,Yes,No,No,No,No,No,Month-to-month,Yes,Electronic check,57.52,2109.34,No,0,0,Medium,-18.90000000000009
7590-0358,Female,0,Yes,Yes,25,No,No phone service,Fiber optic,No,No,No,No,Yes,No,One year,No,Mailed check,61.62,1542.89,Yes,1,0,Medium,2.3900000000001
7590-0258,Male,1,Yes,Yes,17,Yes,No,Fiber optic,Yes,Yes,No,No,Yes,No,Two year,No,Credit card (automatic),88.78,1527.71,No,0,0,High,18.450000000000045
7590-0232,Male,1,No,Yes,56,No,No phone service,DSL,Yes,Yes,Yes,No,No,No,One year,Yes,Bank transfer (automatic),64.07,3592.0,No,0,0,Medium,4.080000000000382
7590-0533,Male,0,No,Yes,32,No,No phone service,DSL,Yes,No,No,No,No,No,Month-to-month,No,Bank transfer (automatic),41.01,1356.81,Yes,1,0,Medium,44.49000000000001
7590-0115,Male,0,No,Yes,18,No,No phone service,DSL,Yes,No,No,No,No,No,One year,Yes,Electronic check,51.66,937.54,No,0,0,Medium,7.660000000000082
7590-0120,Male,0,No,Yes,29,No,No phone service,Fiber optic,Yes,Yes,No,Yes,No,Yes,One year,No,Credit card (automatic),86.41,2537.9,Yes,1,0,High,32.01000000000022
7590-0445,Male,0,Yes,Yes,72,No,No phone service,Fiber optic,No,No,Yes,Yes,No,Yes,Month-to-month,Yes,Electronic check,75.07,5428.43,Yes,1,0,High,23.390000000001237
7590-0282,Male,0,Yes,No,22,No,No phone service,DSL,No,No,No,No,Yes,No,Month-to-month,No,Electronic check,51.88,1157.57,No,0,0,Medium,16.20999999999981
7590-0376,Female,1,Yes,No,24,No,No phone service,Fiber optic,No,No,No,No,No,Yes,Month-to-month,No,Mailed check,56.97,1370.93,No,0,0,Medium,3.650000000000091
7590-0384,Female,1,No,No,66,No,No phone service,DSL,No,Yes,Yes,No,Yes,No,Month-to-month,Yes,Electronic check,68.81,4592.97,No,0,0,Medium,51.51000000000022
7590-0224,Male,0,No,Yes,12,No,No phone service,DSL,No,No,No,No,Yes,No,Two year,Yes,Mailed check,57.06,640.84,No,0,0,Medium,-43.879999999999995
7590-0616,Male,0,Yes,Yes,29,No,No phone service,No,No internet service,No internet service,No internet service,No internet service,No internet service,No internet service,Month-to-month,Yes,Electronic check,34.41,970.72,No,0,0,Low,-27.169999999999845
7590-0528,Male,0,Yes,No,1,No,No phone service,Fiber optic,No,Yes,No,No,No,No,Month-to-month,No,Credit card (automatic),64.3,40.01,No,0,1,Medium,-24.29
7590-0472,Female,0,No,No,15,No,No phone service,Fiber optic,No,No,No,No,Yes,No,One year,No,Mailed check,71.86,1085.23,No,0,0,High,7.329999999999927
7590-0347,Female,0,Yes,Yes,38,No,No phone service,No,No internet service,No internet service,No internet service,No internet service,No internet service,No internet service,Month-to-month,Yes,Credit card (automatic),19.55,728.96,Yes,1,0,Low,-13.93999999999994
7590-0505,Female,0,Yes,Yes,62,No,No phone service,DSL,Yes,No,No,Yes,No,No,Month-to-month,No,Credit card (automatic),50.15,3112.48,No,0,0,Medium,3.180000000000291
7590-0639,Female,0,Yes,No,70,No,No phone service,Fiber optic,Yes,No,Yes,No,Yes,No,Month-to-month,No,Electronic check,88.86,6231.36,No,0,0,High,11.159999999999854
