InvoiceNo,StockCode,Description,Quantity,InvoiceDate,UnitPrice,CustomerID,Country,InvoiceDateParsed,TransactionDate,Year,Month,Revenue,IsReturn
536365,71053,WHITE METAL LANTERN,6,2011-02-01 11:08:00,5.49,17889,Belgium,2011-02-01 11:08:00,2011-02-01,2011,2011-02,32.94,False
536365,21730,GLASS STAR FROSTED T-LIGHT HOLDER,2,2011-01-28 11:32:00,4.22,16943,Germany,2011-01-28 11:32:00,2011-01-28,2011,2011-01,8.44,False
536366,21730,GLASS STAR FROSTED T-LIGHT HOLDER,6,2011-02-05 08:48:00,5.8,18065,Netherlands,2011-02-05 08:48:00,2011-02-05,2011,2011-02,34.8,False
536366,22752,SET 7 BABUSHKA NESTING BOXES,4,2011-01-13 13:54:00,7.55,14512,United Kingdom,2011-01-13 13:54:00,2011-01-13,2011,2011-01,30.2,False
536366,21730,GLASS STAR FROSTED T-LIGHT HOLDER,6,2011-03-22 17:56:00,4.03,17075,Germany,2011-03-22 17:56:00,2011-03-22,2011,2011-03,24.18,False
536367,84029G,KNITTED UNION FLAG HOT WATER BOTTLE,1,2011-01-30 09:24:00,4.03,17553,France,2011-01-30 09:24:00,2011-01-30,2011,2011-01,4.03,False
536367,84029E,RED WOOLLY HOTTIE WHITE HEART,12,2011-03-24 09:38:00,7.66,16721,Belgium,2011-03-24 09:38:00,2011-03-24,2011,2011-03,91.92,False
536367,84029E,RED WOOLLY HOTTIE WHITE HEART,12,2011-03-30 16:14:00,6.03,12804,Germany,2011-03-30 16:14:00,2011-03-30,2011,2011-03,72.36,False
536368,21730,GLASS STAR FROSTED T-LIGHT HOLDER,2,2011-03-14 13:13:00,3.56,15587,Belgium,2011-03-14 13:13:00,2011-03-14,2011,2011-03,7.12,False
536368,84029G,KNITTED UNION FLAG HOT WATER BOTTLE,6,2011-02-03 17:27:00,5.59,15617,France,2011-02-03 17:27:00,2011-02-03,2011,2011-02,33.54,False
536368,22632,HAND WARMER RED POLKA DOT,24,2011-01-07 09:09:00,3.57,17920,Netherlands,2011-01-07 09:09:00,2011-01-07,2011,2011-01,85.67999999999999,False
536369,84879,ASSORTED COLOUR BIRD ORNAMENT,6,2011-02-02 16:55:00,3.57,17918,Belgium,2011-02-02 16:55:00,2011-02-02,2011,2011-02,21.419999999999998,False
536369,84029E,RED WOOLLY HOTTIE WHITE HEART,3,2011-01-15 12:27:00,4.98,12372,Belgium,2011-01-15 12:27:00,2011-01-15,2011,2011-01,14.940000000000001,False
536369,22632,HAND WARMER RED POLKA DOT,6,2011-01-14 18:19:00,0.67,16504,Spain,2011-01-14 18:19:00,2011-01-14,2011,2011-01,4.0200000000000005,False
536370,84406B,CREAM CUPID HEARTS COAT HANGER,24,2011-03-09 08:38:00,1.05,12505,United Kingdom,2011-03-09 08:38:00,2011-03-09,2011,2011-03,25.200000000000003,False
536370,84029E,RED WOOLLY HOTTIE WHITE HEART,2,2011-03-14 09:05:00,3.38,12912,Spain,2011-03-14 09:05:00,2011-03-14,2011,2011-03,6.76,False
536370,22633,HAND WARMER UNION JACK,2,2011-02-03 16:55:00,2.47,14081,Spain,2011-02-03 16:55:00,2011-02-03,2011,2011-02,4.94,False
536371,84029E,RED WOOLLY HOTTIE WHITE HEART,12,2011-03-25 13:28:00,5.13,16044,United Kingdom,2011-03-25 13:28:00,2011-03-25,2011,2011-03,61.56,False
536371,85123A,WHITE HANGING HEART T-LIGHT HOLDER,2,2011-03-17 11:00:00,2.68,17515,United Kingdom,2011-03-17 11:00:00,2011-03-17,2011,2011-03,5.36,False
536371,22752,SET 7 BABUSHKA NESTING BOXES,4,2011-02-05 18:31:00,1.68,13429,Belgium,2011-02-05 18:31:00,2011-02-05,2011,2011-02,6.72,False
536372,22633,HAND WARMER UNION JACK,4,2011-02-22 11:06:00,7.43,15877,France,2011-02-22 11:06:00,2011-02-22,2011,2011-02,29.72,False
536372,85123A,WHITE HANGING HEART T-LIGHT HOLDER,12,2011-01-13 08:25:00,4.05,13241,Germany,2011-01-13 08:25:00,2011-01-13,2011,2011-01,48.599999999999994,False
536372,84406B,CREAM CUPID HEARTS COAT HANGER,3,2011-03-01 11:55:00,4.64,15976,Spain,2011-03-01 11:55:00,2011-03-01,2011,2011-03,13.919999999999998,False
536373,22632,HAND WARMER RED POLKA DOT,1,2011-01-31 10:26:00,1.65,14097,Netherlands,2011-01-31 10:26:00,2011-01-31,2011,2011-01,1.65,False
536373,85123A,WHITE HANGING HEART T-LIGHT HOLDER,3,2011-02-28 12:27:00,3.41,16898,Belgium,2011-02-28 12:27:00,2011-02-28,2011,2011-02,10.23,False
536373,84029E,RED WOOLLY HOTTIE WHITE HEART,1,2011-03-16 16:03:00,4.72,12814,United Kingdom,2011-03-16 16:03:00,2011-03-16,2011,2011-03,4.72,False
536374,22632,HAND WARMER RED POLKA DOT,6,2011-01-11 10:04:00,2.2,17877,Germany,2011-01-11 10:04:00,2011-01-11,2011,2011-01,13.200000000000001,False
536374,84879,ASSORTED COLOUR BIRD ORNAMENT,6,2011-01-06 17:05:00,5.25,17127,Spain,2011-01-06 17:05:00,2011-01-06,2011,2011-01,31.5,False
536374,84029G,KNITTED UNION FLAG HOT WATER BOTTLE,3,2011-01-31 12:25:00,3.3,17633,France,2011-01-31 12:25:00,2011-01-31,2011,2011-01,9.899999999999999,False
536375,71053,WHITE METAL LANTERN,2,2011-01-10 16:13:00,3.92,13431,France,2011-01-10 16:13:00,2011-01-10,2011,2011-01,7.84,False
536375,22752,UNKNOWN_ITEM,4,2011-03-11 12:39:00,3.3,17703,Spain,2011-03-11 12:39:00,2011-03-11,2011,2011-03,13.2,False
536375,84029E,RED WOOLLY HOTTIE WHITE HEART,1,2011-01-18 12:07:00,8.2,16878,Germany,2011-01-18 12:07:00,2011-01-18,2011,2011-01,8.2,False
536376,22752,SET 7 BABUSHKA NESTING BOXES,12,2011-02-03 16:31:00,4.47,12762,United Kingdom,2011-02-03 16:31:00,2011-02-03,2011,2011-02,53.64,False
536376,71053,WHITE METAL LANTERN,12,2011-01-20 16:02:00,6.15,17117,Spain,2011-01-20 16:02:00,2011-01-20,2011,2011-01,73.80000000000001,False
536377,84029E,RED WOOLLY HOTTIE WHITE HEART,24,2011-01-06 13:13:00,2.06,17809,United Kingdom,2011-01-06 13:13:00,2011-01-06,2011,2011-01,49.44,False
536377,21730,UNKNOWN_ITEM,12,2011-01-20 11:55:00,4.92,13796,Netherlands,2011-01-20 11:55:00,2011-01-20,2011,2011-01,59.04,False
536377,22752,SET 7 BABUSHKA NESTING BOXES,4,2011-03-27 11:17:00,0.58,18090,United Kingdom,2011-03-27 11:17:00,2011-03-27,2011,2011-03,2.32,False
536378,22633,UNKNOWN_ITEM,24,2011-02-28 13:19:00,1.84,14210,Germany,2011-02-28 13:19:00,2011-02-28,2011,2011-02,44.160000000000004,False
536378,22752,SET 7 BABUSHKA NESTING BOXES,1,2011-02-05 13:41:00,4.89,17912,Spain,2011-02-05 13:41:00,2011-02-05,2011,2011-02,4.89,False
536378,84029E,RED WOOLLY HOTTIE WHITE HEART,3,2011-01-05 09:38:00,5.98,14915,Netherlands,2011-01-05 09:38:00,2011-01-05,2011,2011-01,17.94,False
536379,21730,GLASS STAR FROSTED T-LIGHT HOLDER,2,2011-02-02 08:45:00,4.84,16605,Spain,2011-02-02 08:45:00,2011-02-02,2011,2011-02,9.68,False
536379,84029G,KNITTED UNION FLAG HOT WATER BOTTLE,1,2011-03-27 13:39:00,4.27,13366,Belgium,2011-03-27 13:39:00,2011-03-27,2011,2011-03,4.27,False
536379,21730,GLASS STAR FROSTED T-LIGHT HOLDER,12,2011-02-07 16:08:00,3.9,17793,Netherlands,2011-02-07 16:08:00,2011-02-07,2011,2011-02,46.8,False
536380,84879,ASSORTED COLOUR BIRD ORNAMENT,4,2011-03-12 08:19:00,1.54,15867,Spain,2011-03-12 08:19:00,2011-03-12,2011,2011-03,6.16,False
536380,22633,HAND WARMER UNION JACK,2,2011-03-07 15:50:00,3.06,13736,Belgium,2011-03-07 15:50:00,2011-03-07,2011,2011-03,6.12,False
536380,84879,UNKNOWN_ITEM,24,2011-01-31 18:19:00,3.58,13977,Germany,2011-01-31 18:19:00,2011-01-31,2011,2011-01,85.92,False
536381,22633,HAND WARMER UNION JACK,24,2011-01-10 15:26:00,6.61,17061,Germany,2011-01-10 15:26:00,2011-01-10,2011,2011-01,158.64000000000001,False
536381,21730,GLASS STAR FROSTED T-LIGHT HOLDER,12,2011-03-30 08:57:00,5.19,13219,Netherlands,2011-03-30 08:57:00,2011-03-30,2011,2011-03,62.28,False
536381,22632,HAND WARMER RED POLKA DOT,6,2011-02-01 09:29:00,0.97,16152,Belgium,2011-02-01 09:29:00,2011-02-01,2011,2011-02,5.82,False
536382,22752,SET 7 BABUSHKA NESTING BOXES,4,2011-03-20 16:27:00,5.15,16834,Netherlands,2011-03-20 16:27:00,2011-03-20,2011,2011-03,20.6,False
536382,22633,HAND WARMER UNION JACK,24,2011-02-01 18:17:00,3.73,16616,Netherlands,2011-02-01 18:17:00,2011-02-01,2011,2011-02,89.52,False
536382,71053,WHITE METAL LANTERN,2,2011-02-04 13:20:00,3.15,13006,Germany,2011-02-04 13:20:00,2011-02-04,2011,2011-02,6.3,False
536383,84406B,CREAM CUPID HEARTS COAT HANGER,1,2011-02-23 14:21:00,5.72,15752,United Kingdom,2011-02-23 14:21:00,2011-02-23,2011,2011-02,5.72,False
536383,84879,ASSORTED COLOUR BIRD ORNAMENT,1,2011-03-15 14:30:00,6.56,GUEST,Netherlands,2011-03-15 14:30:00,2011-03-15,2011,2011-03,6.56,False
536383,21730,GLASS STAR FROSTED T-LIGHT HOLDER,12,2011-03-11 17:57:00,6.36,14143,France,2011-03-11 17:57:00,2011-03-11,2011,2011-03,76.32000000000001,False
536384,22752,SET 7 BABUSHKA NESTING BOXES,24,2011-02-21 10:53:00,2.82,13391,Spain,2011-02-21 10:53:00,2011-02-21,2011,2011-02,67.67999999999999,False
536384,84879,ASSORTED COLOUR BIRD ORNAMENT,1,2011-01-11 18:27:00,3.88,16128,Germany,2011-01-11 18:27:00,2011-01-11,2011,2011-01,3.88,False
536384,84029G,KNITTED UNION FLAG HOT WATER BOTTLE,3,2011-02-18 12:48:00,5.16,15799,France,2011-02-18 12:48:00,2011-02-18,2011,2011-02,15.48,False
536385,22632,HAND WARMER RED POLKA DOT,12,2011-01-29 18:04:00,6.45,17685,United Kingdom,2011-01-29 18:04:00,2011-01-29,2011,2011-01,77.4,False
536385,84029G,KNITTED UNION FLAG HOT WATER BOTTLE,6,2011-01-20 11:08:00,3.54,13283,Spain,2011-01-20 11:08:00,2011-01-20,2011,2011-01,21.240000000000002,False
536385,84029E,RED WOOLLY HOTTIE WHITE HEART,2,2011-03-19 17:47:00,4.13,13687,France,2011-03-19 17:47:00,2011-03-19,2011,2011-03,8.26,False
536386,84029E,RED WOOLLY HOTTIE WHITE HEART,4,2011-02-20 11:04:00,2.29,17484,Germany,2011-02-20 11:04:00,2011-02-20,2011,2011-02,9.16,False
536386,84879,ASSORTED COLOUR BIRD ORNAMENT,24,2011-03-14 08:22:00,2.11,17765,France,2011-03-14 08:22:00,2011-03-14,2011,2011-03,50.64,False
536386,85123A,WHITE HANGING HEART T-LIGHT HOLDER,24,2011-03-04 09:27:00,6.13,17552,Netherlands,2011-03-04 09:27:00,2011-03-04,2011,2011-03,147.12,False
536387,22632,HAND WARMER RED POLKA DOT,3,2011-03-20 16:49:00,7.21,15914,Belgium,2011-03-20 16:49:00,2011-03-20,2011,2011-03,21.63,False
536387,84029G,KNITTED UNION FLAG HOT WATER BOTTLE,1,2011-02-05 15:15:00,4.36,17014,Spain,2011-02-05 15:15:00,2011-02-05,2011,2011-02,4.36,False
536387,22633,HAND WARMER UNION JACK,2,2011-03-04 11:22:00,6.51,15134,France,2011-03-04 11:22:00,2011-03-04,2011,2011-03,13.02,False
536388,84029E,RED WOOLLY HOTTIE WHITE HEART,6,2011-01-25 09:15:00,5.22,16348,Spain,2011-01-25 09:15:00,2011-01-25,2011,2011-01,31.32,False
536388,22633,HAND WARMER UNION JACK,1,2011-01-12 12:14:00,3.21,14339,France,2011-01-12 12:14:00,2011-01-12,2011,2011-01,3.21,False
536388,22632,HAND WARMER RED POLKA DOT,4,2011-03-12 13:22:00,5.22,14565,France,2011-03-12 13:22:00,2011-03-12,2011,2011-03,20.88,False
536389,84029G,KNITTED UNION FLAG HOT WATER BOTTLE,12,2011-03-10 10:12:00,7.58,16312,France,2011-03-10 10:12:00,2011-03-10,2011,2011-03,90.96000000000001,False
536389,22632,HAND WARMER RED POLKA DOT,1,2011-01-25 12:14:00,4.43,14822,United Kingdom,2011-01-25 12:14:00,2011-01-25,2011,2011-01,4.43,False
536389,85123A,WHITE HANGING HEART T-LIGHT HOLDER,6,2011-02-07 10:40:00,7.63,16367,United Kingdom,2011-02-07 10:40:00,2011-02-07,2011,2011-02,45.78,False
536390,22633,HAND WARMER UNION JACK,3,2011-01-24 08:16:00,0.5,16259,United Kingdom,2011-01-24 08:16:00,2011-01-24,2011,2011-01,1.5,False
536390,71053,WHITE METAL LANTERN,12,2011-01-07 10:09:00,6.14,14835,United Kingdom,2011-01-07 10:09:00,2011-01-07,2011,2011-01,73.67999999999999,False
536390,21730,GLASS STAR FROSTED T-LIGHT HOLDER,24,2011-03-21 11:49:00,4.67,16036,Netherlands,2011-03-21 11:49:00,2011-03-21,2011,2011-03,112.08,False
536391,21730,GLASS STAR FROSTED T-LIGHT HOLDER,6,2011-01-08 17:47:00,3.9,14048,Belgium,2011-01-08 17:47:00,2011-01-08,2011,2011-01,23.4,False
536391,84406B,CREAM CUPID HEARTS COAT HANGER,6,2011-01-10 10:00:00,4.68,17993,Spain,2011-01-10 10:00:00,2011-01-10,2011,2011-01,28.08,False
536391,84029E,RED WOOLLY HOTTIE WHITE HEART,12,2011-02-28 09:43:00,0.52,14513,Belgium,2011-02-28 09:43:00,2011-02-28,2011,2011-02,6.24,False
536392,84029G,KNITTED UNION FLAG HOT WATER BOTTLE,6,2011-01-29 18:09:00,4.06,13511,United Kingdom,2011-01-29 18:09:00,2011-01-29,2011,2011-01,24.36,False
536392,84879,ASSORTED COLOUR BIRD ORNAMENT,6,2011-02-06 15:07:00,5.21,14837,Belgium,2011-02-06 15:07:00,2011-02-06,2011,2011-02,31.259999999999998,False
536392,22632,HAND WARMER RED POLKA DOT,1,2011-03-18 08:56:00,7.46,14986,Spain,2011-03-18 08:56:00,2011-03-18,2011,2011-03,7.46,False
536393,84879,ASSORTED COLOUR BIRD ORNAMENT,1,2011-03-28 12:36:00,3.46,GUEST,Spain,2011-03-28 12:36:00,2011-03-28,2011,2011-03,3.46,False
536393,84406B,CREAM CUPID HEARTS COAT HANGER,4,2011-03-23 15:05:00,2.88,15691,France,2011-03-23 15:05:00,2011-03-23,2011,2011-03,11.52,False
536393,84406B,CREAM CUPID HEARTS COAT HANGER,12,2011-03-05 12:42:00,3.5,16852,United Kingdom,2011-03-05 12:42:00,2011-03-05,2011,2011-03,42.0,False
536394,22752,SET 7 BABUSHKA NESTING BOXES,24,2011-02-21 16:52:00,6.33,17733,Spain,2011-02-21 16:52:00,2011-02-21,2011,2011-02,151.92000000000002,False
536394,22632,HAND WARMER RED POLKA DOT,24,2011-03-05 18:28:00,5.16,14013,France,2011-03-05 18:28:00,2011-03-05,2011,2011-03,123.84,False
536394,22633,HAND WARMER UNION JACK,4,2011-01-16 08:40:00,3.44,14306,Belgium,2011-01-16 08:40:00,2011-01-16,2011,2011-01,13.76,False
536395,22632,HAND WARMER RED POLKA DOT,2,2011-01-15 15:07:00,5.53,13607,Netherlands,2011-01-15 15:07:00,2011-01-15,2011,2011-01,11.06,False
536395,84029E,RED WOOLLY HOTTIE WHITE HEART,4,2011-03-02 11:29:00,4.69,15488,Germany,2011-03-02 11:29:00,2011-03-02,2011,2011-03,18.76,False
536395,84406B,CREAM CUPID HEARTS COAT HANGER,3,2011-02-23 13:59:00,6.44,14534,United Kingdom,2011-02-23 13:59:00,2011-02-23,2011,2011-02,19.32,False
536396,84879,ASSORTED COLOUR BIRD ORNAMENT,12,2011-03-04 10:28:00,3.1,15173,France,2011-03-04 10:28:00,2011-03-04,2011,2011-03,37.2,False
536396,22633,HAND WARMER UNION JACK,24,2011-01-25 11:36:00,3.84,15711,United Kingdom,2011-01-25 11:36:00,2011-01-25,2011,2011-01,92.16,False
536396,21730,GLASS STAR FROSTED T-LIGHT HOLDER,12,2011-03-25 10:31:00,3.72,13380,Spain,2011-03-25 10:31:00,2011-03-25,2011,2011-03,44.64,False
536397,71053,WHITE METAL LANTERN,4,2011-01-13 16:58:00,1.57,18264,Germany,2011-01-13 16:58:00,2011-01-13,2011,2011-01,6.28,False
536397,84406B,CREAM CUPID HEARTS COAT HANGER,6,2011-02-13 17:44:00,5.09,13003,France,2011-02-13 17:44:00,2011-02-13,2011,2011-02,30.54,False
536397,21730,GLASS STAR FROSTED T-LIGHT HOLDER,12,2011-03-04 16:02:00,5.02,14269,Belgium,2011-03-04 16:02:00,2011-03-04,2011,2011-03,60.239999999999995,False
536398,84029G,KNITTED UNION FLAG HOT WATER BOTTLE,4,2011-01-13 18:45:00,4.51,15980,Germany,2011-01-13 18:45:00,2011-01-13,2011,2011-01,18.04,False
536398,85123A,WHITE HANGING HEART T-LIGHT HOLDER,1,2011-02-07 13:23:00,4.03,14346,Spain,2011-02-07 13:23:00,2011-02-07,2011,2011-02,4.03,False
536398,84406B,CREAM CUPID HEARTS COAT HANGER,1,2011-03-20 14:39:00,1.67,16422,Spain,2011-03-20 14:39:00,2011-03-20,2011,2011-03,1.67,False
536399,84029E,RED WOOLLY HOTTIE WHITE HEART,12,2011-01-02 15:57:00,3.66,16823,Germany,2011-01-02 15:57:00,2011-01-02,2011,2011-01,43.92,False
536399,84879,ASSORTED COLOUR BIRD ORNAMENT,4,2011-03-30 12:29:00,3.81,13977,Netherlands,2011-03-30 12:29:00,2011-03-30,2011,2011-03,15.24,False
536399,21730,GLASS STAR FROSTED T-LIGHT HOLDER,6,2011-02-07 12:01:00,2.9,17738,Netherlands,2011-02-07 12:01:00,2011-02-07,2011,2011-02,17.4,False
536400,85123A,WHITE HANGING HEART T-LIGHT HOLDER,12,2011-03-05 12:49:00,4.18,17319,France,2011-03-05 12:49:00,2011-03-05,2011,2011-03,50.16,False
536400,84029E,RED WOOLLY HOTTIE WHITE HEART,12,2011-03-26 18:53:00,5.31,13141,Belgium,2011-03-26 18:53:00,2011-03-26,2011,2011-03,63.72,False
536400,22633,HAND WARMER UNION JACK,12,2011-01-17 09:58:00,8.27,15749,Germany,2011-01-17 09:58:00,2011-01-17,2011,2011-01,99.24,False
536401,22752,SET 7 BABUSHKA NESTING BOXES,3,2011-01-22 12:58:00,4.85,16293,France,2011-01-22 12:58:00,2011-01-22,2011,2011-01,14.549999999999999,False
536401,71053,WHITE METAL LANTERN,1,2011-01-19 11:55:00,5.02,17870,Netherlands,2011-01-19 11:55:00,2011-01-19,2011,2011-01,5.02,False
536401,22752,SET 7 BABUSHKA NESTING BOXES,4,2011-01-02 12:34:00,4.35,15365,Belgium,2011-01-02 12:34:00,2011-01-02,2011,2011-01,17.4,False
536402,21730,GLASS STAR FROSTED T-LIGHT HOLDER,3,2011-01-14 18:14:00,0.66,17421,Spain,2011-01-14 18:14:00,2011-01-14,2011,2011-01,1.98,False
536402,71053,WHITE METAL LANTERN,4,2011-03-31 12:41:00,4.45,13491,United Kingdom,2011-03-31 12:41:00,2011-03-31,2011,2011-03,17.8,False
536402,22633,HAND WARMER UNION JACK,2,2011-03-10 10:24:00,4.62,17838,Belgium,2011-03-10 10:24:00,2011-03-10,2011,2011-03,9.24,False
536403,84879,ASSORTED COLOUR BIRD ORNAMENT,2,2011-02-23 18:06:00,9.43,17389,Netherlands,2011-02-23 18:06:00,2011-02-23,2011,2011-02,18.86,False
536403,22752,SET 7 BABUSHKA NESTING BOXES,4,2011-01-31 13:06:00,4.12,15355,Spain,2011-01-31 13:06:00,2011-01-31,2011,2011-01,16.48,False
536403,85123A,WHITE HANGING HEART T-LIGHT HOLDER,2,2011-01-16 15:05:00,5.1,17602,Belgium,2011-01-16 15:05:00,2011-01-16,2011,2011-01,10.2,False
536404,22752,SET 7 BABUSHKA NESTING BOXES,2,2011-03-14 11:04:00,4.43,16886,Germany,2011-03-14 11:04:00,2011-03-14,2011,2011-03,8.86,False
536404,84029G,KNITTED UNION FLAG HOT WATER BOTTLE,2,2011-03-18 08:17:00,2.16,13531,Germany,2011-03-18 08:17:00,2011-03-18,2011,2011-03,4.32,False
536404,71053,WHITE METAL LANTERN,1,2011-01-17 08:22:00,6.79,14295,Spain,2011-01-17 08:22:00,2011-01-17,2011,2011-01,6.79,False
536405,85123A,WHITE HANGING HEART T-LIGHT HOLDER,4,2011-03-09 09:47:00,6.0,16018,France,2011-03-09 09:47:00,2011-03-09,2011,2011-03,24.0,False
536405,22632,HAND WARMER RED POLKA DOT,6,2011-01-06 18:33:00,6.08,17616,United Kingdom,2011-01-06 18:33:00,2011-01-06,2011,2011-01,36.480000000000004,False
536405,21730,GLASS STAR FROSTED T-LIGHT HOLDER,1,2011-03-04 15:04:00,2.68,14984,Spain,2011-03-04 15:04:00,2011-03-04,2011,2011-03,2.68,False
536406,84879,ASSORTED COLOUR BIRD ORNAMENT,6,2011-02-11 14:38:00,7.31,16062,Spain,2011-02-11 14:38:00,2011-02-11,2011,2011-02,43.86,False
536406,71053,WHITE METAL LANTERN,12,2011-03-12 11:27:00,1.7,14217,Netherlands,2011-03-12 11:27:00,2011-03-12,2011,2011-03,20.4,False
536406,21730,GLASS STAR FROSTED T-LIGHT HOLDER,3,2011-02-24 13:42:00,5.67,13596,Belgium,2011-02-24 13:42:00,2011-02-24,2011,2011-02,17.009999999999998,False
536407,71053,WHITE METAL LANTERN,1,2011-02-17 10:35:00,8.88,GUEST,Belgium,2011-02-17 10:35:00,2011-02-17,2011,2011-02,8.88,False
536407,21730,GLASS STAR FROSTED T-LIGHT HOLDER,12,2011-01-07 12:38:00,2.52,13194,Spain,2011-01-07 12:38:00,2011-01-07,2011,2011-01,30.240000000000002,False
536407,22633,HAND WARMER UNION JACK,1,2011-02-14 16:23:00,3.37,14628,Spain,2011-02-14 16:23:00,2011-02-14,2011,2011-02,3.37,False
536408,22632,HAND WARMER RED POLKA DOT,24,2011-03-21 17:43:00,4.7,12561,Spain,2011-03-21 17:43:00,2011-03-21,2011,2011-03,112.80000000000001,False
536408,84029E,RED WOOLLY HOTTIE WHITE HEART,6,2011-03-31 12:58:00,3.49,12396,Germany,2011-03-31 12:58:00,2011-03-31,2011,2011-03,20.94,False
536408,21730,GLASS STAR FROSTED T-LIGHT HOLDER,1,2011-01-12 16:13:00,1.4,16062,France,2011-01-12 16:13:00,2011-01-12,2011,2011-01,1.4,False
536409,22752,SET 7 BABUSHKA NESTING BOXES,6,2011-03-18 09:56:00,4.64,13635,Belgium,2011-03-18 09:56:00,2011-03-18,2011,2011-03,27.839999999999996,False
536409,21730,GLASS STAR FROSTED T-LIGHT HOLDER,4,2011-02-23 12:13:00,2.38,13278,France,2011-02-23 12:13:00,2011-02-23,2011,2011-02,9.52,False
536409,84879,UNKNOWN_ITEM,12,2011-02-09 08:14:00,5.45,17255,United Kingdom,2011-02-09 08:14:00,2011-02-09,2011,2011-02,65.4,False
536410,84029G,KNITTED UNION FLAG HOT WATER BOTTLE,24,2011-02-02 12:20:00,2.66,16420,Belgium,2011-02-02 12:20:00,2011-02-02,2011,2011-02,63.84,False
536410,71053,WHITE METAL LANTERN,6,2011-02-24 17:25:00,2.93,15767,France,2011-02-24 17:25:00,2011-02-24,2011,2011-02,17.580000000000002,False
536411,22752,SET 7 BABUSHKA NESTING BOXES,6,2011-02-28 13:05:00,3.86,13213,Germany,2011-02-28 13:05:00,2011-02-28,2011,2011-02,23.16,False
536411,71053,WHITE METAL LANTERN,3,2011-02-13 11:21:00,6.13,12971,Spain,2011-02-13 11:21:00,2011-02-13,2011,2011-02,18.39,False
536411,84029G,KNITTED UNION FLAG HOT WATER BOTTLE,3,2011-02-14 18:52:00,2.04,13188,Germany,2011-02-14 18:52:00,2011-02-14,2011,2011-02,6.12,False
536412,84406B,CREAM CUPID HEARTS COAT HANGER,12,2011-01-10 10:49:00,4.95,16146,Spain,2011-01-10 10:49:00,2011-01-10,2011,2011-01,59.400000000000006,False
536412,84879,ASSORTED COLOUR BIRD ORNAMENT,6,2011-02-11 18:20:00,7.11,12905,Netherlands,2011-02-11 18:20:00,2011-02-11,2011,2011-02,42.660000000000004,False
536412,84029E,RED WOOLLY HOTTIE WHITE HEART,3,2011-03-06 09:19:00,1.29,12654,United Kingdom,2011-03-06 09:19:00,2011-03-06,2011,2011-03,3.87,False
536413,71053,WHITE METAL LANTERN,6,2011-02-19 15:37:00,4.87,12682,Netherlands,2011-02-19 15:37:00,2011-02-19,2011,2011-02,29.22,False
536413,84029G,KNITTED UNION FLAG HOT WATER BOTTLE,4,2011-03-06 10:03:00,5.02,15159,Belgium,2011-03-06 10:03:00,2011-03-06,2011,2011-03,20.08,False
536413,85123A,WHITE HANGING HEART T-LIGHT HOLDER,4,2011-02-26 16:33:00,6.06,15327,France,2011-02-26 16:33:00,2011-02-26,2011,2011-02,24.24,False
536414,22752,SET 7 BABUSHKA NESTING BOXES,1,2011-03-22 18:21:00,2.03,13120,Spain,2011-03-22 18:21:00,2011-03-22,2011,2011-03,2.03,False
536414,84879,ASSORTED COLOUR BIRD ORNAMENT,3,2011-01-11 17:42:00,1.86,15211,France,2011-01-11 17:42:00,2011-01-11,2011,2011-01,5.58,False
536414,21730,GLASS STAR FROSTED T-LIGHT HOLDER,12,2011-01-11 12:35:00,5.54,15036,Germany,2011-01-11 12:35:00,2011-01-11,2011,2011-01,66.48,False
536415,22632,HAND WARMER RED POLKA DOT,12,2011-02-24 16:23:00,5.09,14876,Germany,2011-02-24 16:23:00,2011-02-24,2011,2011-02,61.08,False
536415,84029G,KNITTED UNION FLAG HOT WATER BOTTLE,2,2011-01-20 09:18:00,5.0,13174,Spain,2011-01-20 09:18:00,2011-01-20,2011,2011-01,10.0,False
536415,22632,HAND WARMER RED POLKA DOT,12,2011-03-21 10:38:00,5.19,13675,Germany,2011-03-21 10:38:00,2011-03-21,2011,2011-03,62.28,False
536416,84406B,CREAM CUPID HEARTS COAT HANGER,1,2011-02-22 13:43:00,3.14,15984,Spain,2011-02-22 13:43:00,2011-02-22,2011,2011-02,3.14,False
536416,22633,HAND WARMER UNION JACK,2,2011-02-09 15:57:00,4.96,15359,Belgium,2011-02-09 15:57:00,2011-02-09,2011,2011-02,9.92,False
536416,22633,HAND WARMER UNION JACK,24,2011-02-18 16:33:00,5.09,13673,Germany,2011-02-18 16:33:00,2011-02-18,2011,2011-02,122.16,False
536417,84029E,RED WOOLLY HOTTIE WHITE HEART,-1,2011-02-17 16:59:00,3.07,16572,United Kingdom,2011-02-17 16:59:00,2011-02-17,2011,2011-02,-3.07,True
536417,84029E,RED WOOLLY HOTTIE WHITE HEART,6,2011-01-19 14:05:00,8.23,14164,Netherlands,2011-01-19 14:05:00,2011-01-19,2011,2011-01,49.38,False
536417,21730,UNKNOWN_ITEM,-2,2011-02-17 11:24:00,5.45,15417,Germany,2011-02-17 11:24:00,2011-02-17,2011,2011-02,-10.9,True
536418,22752,SET 7 BABUSHKA NESTING BOXES,2,2011-01-05 12:58:00,2.12,18048,Germany,2011-01-05 12:58:00,2011-01-05,2011,2011-01,4.24,False
536418,84879,ASSORTED COLOUR BIRD ORNAMENT,2,2011-01-03 12:13:00,5.81,16841,Belgium,2011-01-03 12:13:00,2011-01-03,2011,2011-01,11.62,False
536418,84029E,RED WOOLLY HOTTIE WHITE HEART,1,2011-01-07 11:26:00,2.55,17448,Netherlands,2011-01-07 11:26:00,2011-01-07,2011,2011-01,2.55,False
536419,22633,HAND WARMER UNION JACK,1,2011-03-22 16:36:00,6.07,13522,France,2011-03-22 16:36:00,2011-03-22,2011,2011-03,6.07,False
536419,84029G,KNITTED UNION FLAG HOT WATER BOTTLE,2,2011-03-27 18:05:00,6.82,15300,United Kingdom,2011-03-27 18:05:00,2011-03-27,2011,2011-03,13.64,False
536419,22632,HAND WARMER RED POLKA DOT,4,2011-03-02 08:40:00,2.86,15404,France,2011-03-02 08:40:00,2011-03-02,2011,2011-03,11.44,False
536420,71053,WHITE METAL LANTERN,12,2011-03-26 18:06:00,6.43,15069,Germany,2011-03-26 18:06:00,2011-03-26,2011,2011-03,77.16,False
536420,84406B,CREAM CUPID HEARTS COAT HANGER,12,2011-03-01 15:40:00,5.33,13450,United Kingdom,2011-03-01 15:40:00,2011-03-01,2011,2011-03,63.96,False
536420,85123A,WHITE HANGING HEART T-LIGHT HOLDER,1,2011-01-26 08:20:00,6.14,16568,Netherlands,2011-01-26 08:20:00,2011-01-26,2011,2011-01,6.14,False
536421,84029E,RED WOOLLY HOTTIE WHITE HEART,4,2011-02-06 13:55:00,8.29,17717,France,2011-02-06 13:55:00,2011-02-06,2011,2011-02,33.16,False
536421,21730,GLASS STAR FROSTED T-LIGHT HOLDER,12,2011-02-26 14:21:00,4.01,16410,Belgium,2011-02-26 14:21:00,2011-02-26,2011,2011-02,48.12,False
536421,22632,HAND WARMER RED POLKA DOT,1,2011-02-24 09:27:00,2.99,13824,Spain,2011-02-24 09:27:00,2011-02-24,2011,2011-02,2.99,False
536422,22752,SET 7 BABUSHKA NESTING BOXES,3,2011-02-27 17:45:00,2.72,17996,Netherlands,2011-02-27 17:45:00,2011-02-27,2011,2011-02,8.16,False
536422,22752,SET 7 BABUSHKA NESTING BOXES,4,2011-02-05 18:50:00,2.87,12960,Belgium,2011-02-05 18:50:00,2011-02-05,2011,2011-02,11.48,False
536422,84406B,CREAM CUPID HEARTS COAT HANGER,2,2011-03-19 18:50:00,4.35,13380,United Kingdom,2011-03-19 18:50:00,2011-03-19,2011,2011-03,8.7,False
536423,22752,SET 7 BABUSHKA NESTING BOXES,6,2011-01-05 17:09:00,5.18,15384,France,2011-01-05 17:09:00,2011-01-05,2011,2011-01,31.08,False
536423,84406B,CREAM CUPID HEARTS COAT HANGER,4,2011-02-10 18:17:00,5.05,13275,United Kingdom,2011-02-10 18:17:00,2011-02-10,2011,2011-02,20.2,False
536423,21730,GLASS STAR FROSTED T-LIGHT HOLDER,1,2011-02-03 12:45:00,6.15,17358,France,2011-02-03 12:45:00,2011-02-03,2011,2011-02,6.15,False
536424,84029G,KNITTED UNION FLAG HOT WATER BOTTLE,24,2011-01-10 15:11:00,4.53,15992,United Kingdom,2011-01-10 15:11:00,2011-01-10,2011,2011-01,108.72,False
536424,22752,SET 7 BABUSHKA NESTING BOXES,12,2011-01-09 16:34:00,7.41,14803,Germany,2011-01-09 16:34:00,2011-01-09,2011,2011-01,88.92,False
536424,84406B,UNKNOWN_ITEM,6,2011-01-29 09:12:00,3.97,14285,Netherlands,2011-01-29 09:12:00,2011-01-29,2011,2011-01,23.82,False
536425,22752,SET 7 BABUSHKA NESTING BOXES,6,2011-01-17 17:56:00,9.94,14879,Netherlands,2011-01-17 17:56:00,2011-01-17,2011,2011-01,59.64,False
536425,22632,HAND WARMER RED POLKA DOT,4,2011-03-15 09:08:00,5.75,17608,United Kingdom,2011-03-15 09:08:00,2011-03-15,2011,2011-03,23.0,False
536425,22752,SET 7 BABUSHKA NESTING BOXES,24,2011-03-12 18:37:00,2.79,13403,Netherlands,2011-03-12 18:37:00,2011-03-12,2011,2011-03,66.96000000000001,False
536426,71053,WHITE METAL LANTERN,3,2011-01-22 10:20:00,2.36,14193,France,2011-01-22 10:20:00,2011-01-22,2011,2011-01,7.08,False
536426,84029E,RED WOOLLY HOTTIE WHITE HEART,3,2011-01-26 18:35:00,5.46,17466,France,2011-01-26 18:35:00,2011-01-26,2011,2011-01,16.38,False
536426,84406B,CREAM CUPID HEARTS COAT HANGER,6,2011-01-20 10:42:00,4.05,17303,France,2011-01-20 10:42:00,2011-01-20,2011,2011-01,24.299999999999997,False
536427,85123A,WHITE HANGING HEART T-LIGHT HOLDER,12,2011-03-15 12:41:00,5.93,17032,Netherlands,2011-03-15 12:41:00,2011-03-15,2011,2011-03,71.16,False
536427,22632,HAND WARMER RED POLKA DOT,3,2011-03-03 11:51:00,5.45,15672,France,2011-03-03 11:51:00,2011-03-03,2011,2011-03,16.35,False
536427,84406B,CREAM CUPID HEARTS COAT HANGER,4,2011-03-01 11:21:00,4.35,14906,Belgium,2011-03-01 11:21:00,2011-03-01,2011,2011-03,17.4,False
536428,22752,SET 7 BABUSHKA NESTING BOXES,2,2011-02-17 16:35:00,2.81,14326,Netherlands,2011-02-17 16:35:00,2011-02-17,2011,2011-02,5.62,False
536428,84406B,CREAM CUPID HEARTS COAT HANGER,3,2011-02-19 17:26:00,1.47,13654,France,2011-02-19 17:26:00,2011-02-19,2011,2011-02,4.41,False
536428,84029G,KNITTED UNION FLAG HOT WATER BOTTLE,4,2011-03-07 15:31:00,3.61,16420,United Kingdom,2011-03-07 15:31:00,2011-03-07,2011,2011-03,14.44,False
536429,22633,HAND WARMER UNION JACK,2,2011-03-16 13:03:00,6.21,GUEST,France,2011-03-16 13:03:00,2011-03-16,2011,2011-03,12.42,False
536429,21730,GLASS STAR FROSTED T-LIGHT HOLDER,3,2011-02-16 14:23:00,4.93,12765,France,2011-02-16 14:23:00,2011-02-16,2011,2011-02,14.79,False
536429,22632,HAND WARMER RED POLKA DOT,6,2011-02-05 17:43:00,2.01,13400,United Kingdom,2011-02-05 17:43:00,2011-02-05,2011,2011-02,12.059999999999999,False
536430,22752,SET 7 BABUSHKA NESTING BOXES,3,2011-01-19 11:38:00,4.85,16442,United Kingdom,2011-01-19 11:38:00,2011-01-19,2011,2011-01,14.549999999999999,False
536430,22752,SET 7 BABUSHKA NESTING BOXES,6,2011-02-28 10:38:00,5.27,13491,France,2011-02-28 10:38:00,2011-02-28,2011,2011-02,31.619999999999997,False
536430,21730,GLASS STAR FROSTED T-LIGHT HOLDER,12,2011-02-08 17:21:00,2.73,16521,Spain,2011-02-08 17:21:00,2011-02-08,2011,2011-02,32.76,False
536431,22633,HAND WARMER UNION JACK,3,2011-02-12 18:07:00,4.81,17127,France,2011-02-12 18:07:00,2011-02-12,2011,2011-02,14.43,False
536431,85123A,WHITE HANGING HEART T-LIGHT HOLDER,3,2011-03-25 17:36:00,4.62,12766,Spain,2011-03-25 17:36:00,2011-03-25,2011,2011-03,13.86,False
536431,84879,UNKNOWN_ITEM,4,2011-01-19 18:15:00,2.21,18084,Germany,2011-01-19 18:15:00,2011-01-19,2011,2011-01,8.84,False
536432,84406B,CREAM CUPID HEARTS COAT HANGER,2,2011-02-22 16:49:00,5.22,16209,Belgium,2011-02-22 16:49:00,2011-02-22,2011,2011-02,10.44,False
536432,22632,HAND WARMER RED POLKA DOT,3,2011-03-26 15:33:00,5.62,13764,Netherlands,2011-03-26 15:33:00,2011-03-26,2011,2011-03,16.86,False
536432,22752,SET 7 BABUSHKA NESTING BOXES,24,2011-03-29 18:51:00,6.67,17343,Netherlands,2011-03-29 18:51:00,2011-03-29,2011,2011-03,160.07999999999998,False
536433,22632,HAND WARMER RED POLKA DOT,3,2011-02-06 11:44:00,6.61,14943,Netherlands,2011-02-06 11:44:00,2011-02-06,2011,2011-02,19.830000000000002,False
536433,84029E,RED WOOLLY HOTTIE WHITE HEART,6,2011-03-28 16:24:00,1.74,15578,France,2011-03-28 16:24:00,2011-03-28,2011,2011-03,10.44,False
536433,84029E,RED WOOLLY HOTTIE WHITE HEART,2,2011-02-14 15:41:00,2.62,16270,Germany,2011-02-14 15:41:00,2011-02-14,2011,2011-02,5.24,False
536434,22632,HAND WARMER RED POLKA DOT,2,2011-01-14 17:47:00,5.53,14332,United Kingdom,2011-01-14 17:47:00,2011-01-14,2011,2011-01,11.06,False
536434,84029G,KNITTED UNION FLAG HOT WATER BOTTLE,24,2011-02-12 15:06:00,5.53,13472,United Kingdom,2011-02-12 15:06:00,2011-02-12,2011,2011-02,132.72,False
536434,84406B,CREAM CUPID HEARTS COAT HANGER,4,2011-03-03 18:12:00,5.53,14699,France,2011-03-03 18:12:00,2011-03-03,2011,2011-03,22.12,False
536435,71053,WHITE METAL LANTERN,2,2011-03-10 08:58:00,12.21,15769,Germany,2011-03-10 08:58:00,2011-03-10,2011,2011-03,24.42,False
536435,21730,GLASS STAR FROSTED T-LIGHT HOLDER,2,2011-02-07 08:00:00,5.64,17283,United Kingdom,2011-02-07 08:00:00,2011-02-07,2011,2011-02,11.28,False
536435,22633,HAND WARMER UNION JACK,6,2011-03-09 15:56:00,6.77,16476,Netherlands,2011-03-09 15:56:00,2011-03-09,2011,2011-03,40.62,False
536436,22752,SET 7 BABUSHKA NESTING BOXES,4,2011-03-24 12:45:00,6.41,15107,France,2011-03-24 12:45:00,2011-03-24,2011,2011-03,25.64,False
536436,84406B,CREAM CUPID HEARTS COAT HANGER,12,2011-02-21 14:32:00,5.8,15629,Belgium,2011-02-21 14:32:00,2011-02-21,2011,2011-02,69.6,False
536436,22633,HAND WARMER UNION JACK,2,2011-01-01 12:24:00,3.87,14533,France,2011-01-01 12:24:00,2011-01-01,2011,2011-01,7.74,False
536437,85123A,WHITE HANGING HEART T-LIGHT HOLDER,3,2011-03-30 11:03:00,6.02,16158,France,2011-03-30 11:03:00,2011-03-30,2011,2011-03,18.06,False
536437,84029E,RED WOOLLY HOTTIE WHITE HEART,12,2011-02-07 13:39:00,2.95,13440,Netherlands,2011-02-07 13:39:00,2011-02-07,2011,2011-02,35.400000000000006,False
536437,84879,ASSORTED COLOUR BIRD ORNAMENT,12,2011-03-12 15:48:00,4.03,17786,Germany,2011-03-12 15:48:00,2011-03-12,2011,2011-03,48.36,False
536438,84879,ASSORTED COLOUR BIRD ORNAMENT,1,2011-03-09 15:33:00,3.53,12985,Spain,2011-03-09 15:33:00,2011-03-09,2011,2011-03,3.53,False
536438,22632,HAND WARMER RED POLKA DOT,6,2011-01-20 10:20:00,4.66,15965,United Kingdom,2011-01-20 10:20:00,2011-01-20,2011,2011-01,27.96,False
536438,22633,HAND WARMER UNION JACK,6,2011-02-27 08:29:00,9.13,15749,Netherlands,2011-02-27 08:29:00,2011-02-27,2011,2011-02,54.78,False
536439,84029E,RED WOOLLY HOTTIE WHITE HEART,4,2011-02-02 08:47:00,0.77,12944,United Kingdom,2011-02-02 08:47:00,2011-02-02,2011,2011-02,3.08,False
536439,22632,HAND WARMER RED POLKA DOT,1,2011-03-02 08:18:00,5.87,13455,Belgium,2011-03-02 08:18:00,2011-03-02,2011,2011-03,5.87,False
536439,21730,GLASS STAR FROSTED T-LIGHT HOLDER,4,2011-02-27 14:24:00,1.27,17767,Spain,2011-02-27 14:24:00,2011-02-27,2011,2011-02,5.08,False
536440,71053,WHITE METAL LANTERN,6,2011-02-20 16:08:00,3.56,14170,United Kingdom,2011-02-20 16:08:00,2011-02-20,2011,2011-02,21.36,False
536440,22633,HAND WARMER UNION JACK,6,2011-02-24 16:24:00,6.68,14373,Netherlands,2011-02-24 16:24:00,2011-02-24,2011,2011-02,40.08,False
536440,71053,WHITE METAL LANTERN,24,2011-03-20 08:15:00,4.63,13172,Spain,2011-03-20 08:15:00,2011-03-20,2011,2011-03,111.12,False
536441,85123A,WHITE HANGING HEART T-LIGHT HOLDER,1,2011-02-21 15:14:00,2.34,12808,Germany,2011-02-21 15:14:00,2011-02-21,2011,2011-02,2.34,False
536441,84879,ASSORTED COLOUR BIRD ORNAMENT,6,2011-03-28 13:15:00,3.07,13519,Belgium,2011-03-28 13:15:00,2011-03-28,2011,2011-03,18.419999999999998,False
536441,84029E,RED WOOLLY HOTTIE WHITE HEART,3,2011-03-22 18:27:00,5.86,12730,France,2011-03-22 18:27:00,2011-03-22,2011,2011-03,17.580000000000002,False
536442,22632,HAND WARMER RED POLKA DOT,4,2011-02-22 10:19:00,3.04,16752,Netherlands,2011-02-22 10:19:00,2011-02-22,2011,2011-02,12.16,False
536442,84406B,CREAM CUPID HEARTS COAT HANGER,1,2011-03-13 14:26:00,4.93,13444,Netherlands,2011-03-13 14:26:00,2011-03-13,2011,2011-03,4.93,False
536442,71053,WHITE METAL LANTERN,24,2011-02-17 09:34:00,4.59,13906,United Kingdom,2011-02-17 09:34:00,2011-02-17,2011,2011-02,110.16,False
536443,84879,ASSORTED COLOUR BIRD ORNAMENT,2,2011-01-25 17:46:00,3.2,14123,Netherlands,2011-01-25 17:46:00,2011-01-25,2011,2011-01,6.4,False
536443,84029E,RED WOOLLY HOTTIE WHITE HEART,1,2011-01-28 11:47:00,8.79,16269,Germany,2011-01-28 11:47:00,2011-01-28,2011,2011-01,8.79,False
536443,21730,GLASS STAR FROSTED T-LIGHT HOLDER,6,2011-02-11 12:24:00,5.77,17660,France,2011-02-11 12:24:00,2011-02-11,2011,2011-02,34.62,False
536444,22633,HAND WARMER UNION JACK,24,2011-03-02 13:58:00,0.5,14909,Netherlands,2011-03-02 13:58:00,2011-03-02,2011,2011-03,12.0,False
536444,84406B,CREAM CUPID HEARTS COAT HANGER,-2,2011-03-16 17:46:00,4.87,13594,Germany,2011-03-16 17:46:00,2011-03-16,2011,2011-03,-9.74,True
536444,84029G,KNITTED UNION FLAG HOT WATER BOTTLE,12,2011-03-29 13:16:00,3.18,16348,Belgium,2011-03-29 13:16:00,2011-03-29,2011,2011-03,38.160000000000004,False
536445,84406B,CREAM CUPID HEARTS COAT HANGER,3,2011-01-22 10:46:00,6.2,13853,Spain,2011-01-22 10:46:00,2011-01-22,2011,2011-01,18.6,False
536446,22632,HAND WARMER RED POLKA DOT,1,2011-03-09 12:34:00,5.51,12486,Spain,2011-03-09 12:34:00,2011-03-09,2011,2011-03,5.51,False
536446,84406B,CREAM CUPID HEARTS COAT HANGER,1,2011-03-09 10:15:00,6.23,16658,France,2011-03-09 10:15:00,2011-03-09,2011,2011-03,6.23,False
536446,21730,GLASS STAR FROSTED T-LIGHT HOLDER,24,2011-02-28 17:15:00,2.1,14196,France,2011-02-28 17:15:00,2011-02-28,2011,2011-02,50.400000000000006,False
536447,85123A,WHITE HANGING HEART T-LIGHT HOLDER,4,2011-02-18 16:30:00,3.83,12423,United Kingdom,2011-02-18 16:30:00,2011-02-18,2011,2011-02,15.32,False
536447,22752,SET 7 BABUSHKA NESTING BOXES,24,2011-01-13 16:58:00,3.55,GUEST,France,2011-01-13 16:58:00,2011-01-13,2011,2011-01,85.19999999999999,False
536447,84029E,RED WOOLLY HOTTIE WHITE HEART,6,2011-03-26 08:11:00,3.19,14922,United Kingdom,2011-03-26 08:11:00,2011-03-26,2011,2011-03,19.14,False
536448,21730,GLASS STAR FROSTED T-LIGHT HOLDER,3,2011-01-21 17:15:00,8.03,15533,Belgium,2011-01-21 17:15:00,2011-01-21,2011,2011-01,24.089999999999996,False
536448,84406B,CREAM CUPID HEARTS COAT HANGER,12,2011-01-11 16:47:00,5.31,12785,United Kingdom,2011-01-11 16:47:00,2011-01-11,2011,2011-01,63.72,False
536448,22752,SET 7 BABUSHKA NESTING BOXES,6,2011-03-18 14:49:00,1.98,17540,France,2011-03-18 14:49:00,2011-03-18,2011,2011-03,11.879999999999999,False
536449,84029G,KNITTED UNION FLAG HOT WATER BOTTLE,4,2011-02-25 10:43:00,6.34,15459,United Kingdom,2011-02-25 10:43:00,2011-02-25,2011,2011-02,25.36,False
536449,84029G,KNITTED UNION FLAG HOT WATER BOTTLE,1,2011-02-04 10:24:00,8.74,17538,Germany,2011-02-04 10:24:00,2011-02-04,2011,2011-02,8.74,False
536449,71053,WHITE METAL LANTERN,3,2011-02-26 13:48:00,6.56,13431,United Kingdom,2011-02-26 13:48:00,2011-02-26,2011,2011-02,19.68,False
536450,22632,HAND WARMER RED POLKA DOT,1,2011-01-04 09:22:00,1.46,17236,Spain,2011-01-04 09:22:00,2011-01-04,2011,2011-01,1.46,False
536450,85123A,WHITE HANGING HEART T-LIGHT HOLDER,4,2011-01-11 16:57:00,3.53,14334,Spain,2011-01-11 16:57:00,2011-01-11,2011,2011-01,14.12,False
536450,84406B,CREAM CUPID HEARTS COAT HANGER,3,2011-02-04 15:09:00,7.03,15906,France,2011-02-04 15:09:00,2011-02-04,2011,2011-02,21.09,False
536451,21730,GLASS STAR FROSTED T-LIGHT HOLDER,6,2011-02-18 13:28:00,5.39,17679,Spain,2011-02-18 13:28:00,2011-02-18,2011,2011-02,32.339999999999996,False
536451,84029G,KNITTED UNION FLAG HOT WATER BOTTLE,2,2011-02-20 13:18:00,6.05,17530,Netherlands,2011-02-20 13:18:00,2011-02-20,2011,2011-02,12.1,False
536452,22752,SET 7 BABUSHKA NESTING BOXES,24,2011-02-20 13:07:00,2.65,13982,Spain,2011-02-20 13:07:00,2011-02-20,2011,2011-02,63.599999999999994,False
536452,22632,HAND WARMER RED POLKA DOT,-1,2011-04-01 11:28:00,4.38,18021,United Kingdom,2011-04-01 11:28:00,2011-04-01,2011,2011-04,-4.38,True
536452,21730,GLASS STAR FROSTED T-LIGHT HOLDER,2,2011-03-23 12:15:00,0.5,13608,Belgium,2011-03-23 12:15:00,2011-03-23,2011,2011-03,1.0,False
536453,22633,HAND WARMER UNION JACK,4,2011-03-16 14:34:00,2.45,18012,Netherlands,2011-03-16 14:34:00,2011-03-16,2011,2011-03,9.8,False
536453,22752,SET 7 BABUSHKA NESTING BOXES,24,2011-03-10 17:40:00,3.99,13241,Germany,2011-03-10 17:40:00,2011-03-10,2011,2011-03,95.76,False
536453,84879,ASSORTED COLOUR BIRD ORNAMENT,24,2011-02-12 14:06:00,2.0,14465,Spain,2011-02-12 14:06:00,2011-02-12,2011,2011-02,48.0,False
536454,84879,ASSORTED COLOUR BIRD ORNAMENT,3,2011-02-20 15:49:00,7.76,18002,Spain,2011-02-20 15:49:00,2011-02-20,2011,2011-02,23.28,False
536454,22633,HAND WARMER UNION JACK,4,2011-01-11 09:53:00,1.64,13506,France,2011-01-11 09:53:00,2011-01-11,2011,2011-01,6.56,False
536454,84029G,KNITTED UNION FLAG HOT WATER BOTTLE,3,2011-03-02 09:28:00,3.62,16052,France,2011-03-02 09:28:00,2011-03-02,2011,2011-03,10.86,False
536455,71053,WHITE METAL LANTERN,12,2011-03-24 09:43:00,4.76,14344,Spain,2011-03-24 09:43:00,2011-03-24,2011,2011-03,57.12,False
536455,22632,HAND WARMER RED POLKA DOT,4,2011-01-30 14:40:00,7.38,17592,Belgium,2011-01-30 14:40:00,2011-01-30,2011,2011-01,29.52,False
536455,84879,ASSORTED COLOUR BIRD ORNAMENT,4,2011-03-17 14:24:00,1.63,14105,France,2011-03-17 14:24:00,2011-03-17,2011,2011-03,6.52,False
536456,71053,WHITE METAL LANTERN,24,2011-03-10 10:23:00,6.83,16094,United Kingdom,2011-03-10 10:23:00,2011-03-10,2011,2011-03,163.92000000000002,False
536456,22632,HAND WARMER RED POLKA DOT,3,2011-03-18 14:39:00,4.52,13281,France,2011-03-18 14:39:00,2011-03-18,2011,2011-03,13.559999999999999,False
536456,84406B,CREAM CUPID HEARTS COAT HANGER,12,2011-02-08 17:37:00,2.54,13443,France,2011-02-08 17:37:00,2011-02-08,2011,2011-02,30.48,False
536457,84406B,CREAM CUPID HEARTS COAT HANGER,2,2011-03-07 14:26:00,5.42,17054,Netherlands,2011-03-07 14:26:00,2011-03-07,2011,2011-03,10.84,False
536457,22632,HAND WARMER RED POLKA DOT,12,2011-01-23 16:10:00,4.9,13495,Germany,2011-01-23 16:10:00,2011-01-23,2011,2011-01,58.800000000000004,False
536457,85123A,WHITE HANGING HEART T-LIGHT HOLDER,1,2011-03-04 10:12:00,3.3,16946,Spain,2011-03-04 10:12:00,2011-03-04,2011,2011-03,3.3,False
536458,22633,HAND WARMER UNION JACK,24,2011-02-26 15:10:00,4.64,12598,Germany,2011-02-26 15:10:00,2011-02-26,2011,2011-02,111.35999999999999,False
536458,22632,HAND WARMER RED POLKA DOT,24,2011-02-28 17:47:00,3.73,16403,Spain,2011-02-28 17:47:00,2011-02-28,2011,2011-02,89.52,False
536458,84029E,RED WOOLLY HOTTIE WHITE HEART,24,2011-02-16 16:52:00,4.73,18235,Netherlands,2011-02-16 16:52:00,2011-02-16,2011,2011-02,113.52000000000001,False
536459,71053,WHITE METAL LANTERN,12,2011-02-01 12:55:00,5.82,16030,France,2011-02-01 12:55:00,2011-02-01,2011,2011-02,69.84,False
536459,22633,HAND WARMER UNION JACK,1,2011-01-31 11:51:00,7.67,17991,France,2011-01-31 11:51:00,2011-01-31,2011,2011-01,7.67,False
536459,21730,GLASS STAR FROSTED T-LIGHT HOLDER,2,2011-01-27 11:51:00,2.02,GUEST,Spain,2011-01-27 11:51:00,2011-01-27,2011,2011-01,4.04,False
536460,84029E,RED WOOLLY HOTTIE WHITE HEART,3,2011-03-07 18:52:00,8.77,15717,United Kingdom,2011-03-07 18:52:00,2011-03-07,2011,2011-03,26.31,False
536460,84406B,CREAM CUPID HEARTS COAT HANGER,2,2011-02-01 10:45:00,0.6,14373,Belgium,2011-02-01 10:45:00,2011-02-01,2011,2011-02,1.2,False
536460,84029E,RED WOOLLY HOTTIE WHITE HEART,4,2011-02-27 09:40:00,4.2,13108,Netherlands,2011-02-27 09:40:00,2011-02-27,2011,2011-02,16.8,False
536461,22752,SET 7 BABUSHKA NESTING BOXES,4,2011-02-11 17:00:00,5.68,13109,Belgium,2011-02-11 17:00:00,2011-02-11,2011,2011-02,22.72,False
536461,22752,SET 7 BABUSHKA NESTING BOXES,24,2011-03-10 14:13:00,5.06,14081,Netherlands,2011-03-10 14:13:00,2011-03-10,2011,2011-03,121.44,False
536461,22752,SET 7 BABUSHKA NESTING BOXES,2,2011-03-14 15:50:00,3.25,17937,United Kingdom,2011-03-14 15:50:00,2011-03-14,2011,2011-03,6.5,False
536462,22633,HAND WARMER UNION JACK,3,2011-02-26 15:00:00,4.08,15850,Germany,2011-02-26 15:00:00,2011-02-26,2011,2011-02,12.24,False
536462,84029E,RED WOOLLY HOTTIE WHITE HEART,3,2011-01-12 18:23:00,3.51,15392,Belgium,2011-01-12 18:23:00,2011-01-12,2011,2011-01,10.53,False
536462,21730,UNKNOWN_ITEM,12,2011-03-31 11:27:00,3.32,18110,United Kingdom,2011-03-31 11:27:00,2011-03-31,2011,2011-03,39.839999999999996,False
536463,84406B,CREAM CUPID HEARTS COAT HANGER,6,2011-03-29 15:00:00,6.2,15160,Netherlands,2011-03-29 15:00:00,2011-03-29,2011,2011-03,37.2,False
536463,84029G,KNITTED UNION FLAG HOT WATER BOTTLE,12,2011-01-14 09:20:00,5.21,14797,Germany,2011-01-14 09:20:00,2011-01-14,2011,2011-01,62.519999999999996,False
536463,84406B,CREAM CUPID HEARTS COAT HANGER,12,2011-01-19 09:33:00,3.11,17345,Belgium,2011-01-19 09:33:00,2011-01-19,2011,2011-01,37.32,False
536464,84029G,KNITTED UNION FLAG HOT WATER BOTTLE,2,2011-02-22 17:43:00,6.3,14125,United Kingdom,2011-02-22 17:43:00,2011-02-22,2011,2011-02,12.6,False
536464,71053,WHITE METAL LANTERN,4,2011-02-14 14:20:00,5.11,14375,France,2011-02-14 14:20:00,2011-02-14,2011,2011-02,20.44,False
536464,84879,ASSORTED COLOUR BIRD ORNAMENT,6,2011-02-06 08:54:00,6.13,14817,Germany,2011-02-06 08:54:00,2011-02-06,2011,2011-02,36.78,False
536465,21730,GLASS STAR FROSTED T-LIGHT HOLDER,1,2011-01-31 15:24:00,5.76,16438,Belgium,2011-01-31 15:24:00,2011-01-31,2011,2011-01,5.76,False
536465,85123A,WHITE HANGING HEART T-LIGHT HOLDER,3,2011-01-17 14:55:00,2.84,15793,France,2011-01-17 14:55:00,2011-01-17,2011,2011-01,8.52,False
536465,22633,HAND WARMER UNION JACK,24,2011-01-10 08:37:00,3.38,14493,Germany,2011-01-10 08:37:00,2011-01-10,2011,2011-01,81.12,False
536466,21730,GLASS STAR FROSTED T-LIGHT HOLDER,12,2011-03-06 14:27:00,5.99,13021,Belgium,2011-03-06 14:27:00,2011-03-06,2011,2011-03,71.88,False
536466,84029E,RED WOOLLY HOTTIE WHITE HEART,1,2011-03-07 11:51:00,5.72,15022,Netherlands,2011-03-07 11:51:00,2011-03-07,2011,2011-03,5.72,False
536466,71053,WHITE METAL LANTERN,4,2011-01-31 08:15:00,4.46,15905,United Kingdom,2011-01-31 08:15:00,2011-01-31,2011,2011-01,17.84,False
536467,84029E,RED WOOLLY HOTTIE WHITE HEART,12,2011-01-23 09:00:00,4.73,18092,United Kingdom,2011-01-23 09:00:00,2011-01-23,2011,2011-01,56.760000000000005,False
536467,22632,HAND WARMER RED POLKA DOT,24,2011-02-03 10:23:00,7.06,14547,Belgium,2011-02-03 10:23:00,2011-02-03,2011,2011-02,169.44,False
536467,85123A,WHITE HANGING HEART T-LIGHT HOLDER,4,2011-02-04 16:04:00,3.32,17069,Belgium,2011-02-04 16:04:00,2011-02-04,2011,2011-02,13.28,False
536468,22752,SET 7 BABUSHKA NESTING BOXES,3,2011-02-17 10:16:00,5.59,17047,Belgium,2011-02-17 10:16:00,2011-02-17,2011,2011-02,16.77,False
536468,22632,HAND WARMER RED POLKA DOT,1,2011-02-01 08:30:00,4.1,13575,Germany,2011-02-01 08:30:00,2011-02-01,2011,2011-02,4.1,False
536468,22632,HAND WARMER RED POLKA DOT,12,2011-03-25 14:14:00,4.06,15755,Belgium,2011-03-25 14:14:00,2011-03-25,2011,2011-03,48.72,False
536469,84879,ASSORTED COLOUR BIRD ORNAMENT,6,2011-03-28 08:11:00,6.7,16571,United Kingdom,2011-03-28 08:11:00,2011-03-28,2011,2011-03,40.2,False
536469,22633,HAND WARMER UNION JACK,24,2011-02-09 13:05:00,6.15,12411,France,2011-02-09 13:05:00,2011-02-09,2011,2011-02,147.60000000000002,False
536469,84029E,RED WOOLLY HOTTIE WHITE HEART,2,2011-03-01 13:37:00,6.13,13946,Belgium,2011-03-01 13:37:00,2011-03-01,2011,2011-03,12.26,False
536470,21730,GLASS STAR FROSTED T-LIGHT HOLDER,12,2011-02-09 09:13:00,4.54,14297,Netherlands,2011-02-09 09:13:00,2011-02-09,2011,2011-02,54.480000000000004,False
536470,84406B,CREAM CUPID HEARTS COAT HANGER,1,2011-01-06 11:57:00,5.86,15729,Belgium,2011-01-06 11:57:00,2011-01-06,2011,2011-01,5.86,False
536471,71053,WHITE METAL LANTERN,6,2011-01-18 18:52:00,3.88,17194,Spain,2011-01-18 18:52:00,2011-01-18,2011,2011-01,23.28,False
536471,84406B,CREAM CUPID HEARTS COAT HANGER,3,2011-02-10 14:44:00,5.15,15018,France,2011-02-10 14:44:00,2011-02-10,2011,2011-02,15.450000000000001,False
536471,84029G,KNITTED UNION FLAG HOT WATER BOTTLE,24,2011-03-16 09:09:00,4.24,16028,Netherlands,2011-03-16 09:09:00,2011-03-16,2011,2011-03,101.76,False
536472,22752,SET 7 BABUSHKA NESTING BOXES,2,2011-02-27 12:29:00,4.69,13328,United Kingdom,2011-02-27 12:29:00,2011-02-27,2011,2011-02,9.38,False
536472,84879,ASSORTED COLOUR BIRD ORNAMENT,12,2011-01-19 09:45:00,5.69,15260,Netherlands,2011-01-19 09:45:00,2011-01-19,2011,2011-01,68.28,False
536472,84029E,RED WOOLLY HOTTIE WHITE HEART,2,2011-01-04 14:54:00,2.86,16852,Germany,2011-01-04 14:54:00,2011-01-04,2011,2011-01,5.72,False
536473,84406B,CREAM CUPID HEARTS COAT HANGER,1,2011-01-29 10:12:00,8.68,15395,Belgium,2011-01-29 10:12:00,2011-01-29,2011,2011-01,8.68,False
536473,84879,ASSORTED COLOUR BIRD ORNAMENT,24,2011-01-10 08:04:00,2.49,17637,Netherlands,2011-01-10 08:04:00,2011-01-10,2011,2011-01,59.760000000000005,False
536473,22752,SET 7 BABUSHKA NESTING BOXES,4,2011-01-07 10:59:00,2.07,18280,Netherlands,2011-01-07 10:59:00,2011-01-07,2011,2011-01,8.28,False
536474,21730,GLASS STAR FROSTED T-LIGHT HOLDER,2,2011-01-24 12:17:00,6.82,13563,United Kingdom,2011-01-24 12:17:00,2011-01-24,2011,2011-01,13.64,False
536474,84029E,RED WOOLLY HOTTIE WHITE HEART,6,2011-03-03 08:05:00,6.08,13470,Netherlands,2011-03-03 08:05:00,2011-03-03,2011,2011-03,36.480000000000004,False
536474,22632,HAND WARMER RED POLKA DOT,24,2011-03-11 08:24:00,5.75,15287,Netherlands,2011-03-11 08:24:00,2011-03-11,2011,2011-03,138.0,False
536475,84879,ASSORTED COLOUR BIRD ORNAMENT,4,2011-02-04 10:01:00,5.76,14140,United Kingdom,2011-02-04 10:01:00,2011-02-04,2011,2011-02,23.04,False
536475,85123A,WHITE HANGING HEART T-LIGHT HOLDER,4,2011-03-09 13:49:00,4.48,14252,Germany,2011-03-09 13:49:00,2011-03-09,2011,2011-03,17.92,False
536475,84029E,RED WOOLLY HOTTIE WHITE HEART,24,2011-01-08 11:36:00,2.71,15527,France,2011-01-08 11:36:00,2011-01-08,2011,2011-01,65.03999999999999,False
536476,84406B,CREAM CUPID HEARTS COAT HANGER,6,2011-02-10 13:58:00,4.65,18108,Belgium,2011-02-10 13:58:00,2011-02-10,2011,2011-02,27.900000000000002,False
536476,84406B,CREAM CUPID HEARTS COAT HANGER,2,2011-03-05 16:19:00,3.15,12656,United Kingdom,2011-03-05 16:19:00,2011-03-05,2011,2011-03,6.3,False
536476,85123A,WHITE HANGING HEART T-LIGHT HOLDER,1,2011-02-12 17:12:00,6.45,15137,Belgium,2011-02-12 17:12:00,2011-02-12,2011,2011-02,6.45,False
536477,22752,SET 7 BABUSHKA NESTING BOXES,3,2011-03-17 10:49:00,4.21,16657,France,2011-03-17 10:49:00,2011-03-17,2011,2011-03,12.629999999999999,False
536477,21730,GLASS STAR FROSTED T-LIGHT HOLDER,3,2011-02-08 13:08:00,2.85,15924,Belgium,2011-02-08 13:08:00,2011-02-08,2011,2011-02,8.55,False
536477,84406B,CREAM CUPID HEARTS COAT HANGER,6,2011-03-30 17:50:00,3.86,17798,Spain,2011-03-30 17:50:00,2011-03-30,2011,2011-03,23.16,False
536478,84029E,RED WOOLLY HOTTIE WHITE HEART,12,2011-01-01 17:25:00,5.33,16994,United Kingdom,2011-01-01 17:25:00,2011-01-01,2011,2011-01,63.96,False
536478,84879,ASSORTED COLOUR BIRD ORNAMENT,6,2011-01-14 15:09:00,3.37,12983,Germany,2011-01-14 15:09:00,2011-01-14,2011,2011-01,20.22,False
536478,71053,WHITE METAL LANTERN,12,2011-03-23 13:28:00,2.86,14063,Belgium,2011-03-23 13:28:00,2011-03-23,2011,2011-03,34.32,False
536479,71053,WHITE METAL LANTERN,1,2011-02-19 15:46:00,4.99,13708,Netherlands,2011-02-19 15:46:00,2011-02-19,2011,2011-02,4.99,False
536479,22632,HAND WARMER RED POLKA DOT,24,2011-03-03 17:41:00,4.99,14193,Germany,2011-03-03 17:41:00,2011-03-03,2011,2011-03,119.76,False
536479,85123A,WHITE HANGING HEART T-LIGHT HOLDER,3,2011-02-03 09:04:00,3.49,15421,Germany,2011-02-03 09:04:00,2011-02-03,2011,2011-02,10.47,False
536480,71053,WHITE METAL LANTERN,6,2011-03-03 08:27:00,3.56,13697,Spain,2011-03-03 08:27:00,2011-03-03,2011,2011-03,21.36,False
536480,71053,WHITE METAL LANTERN,2,2011-02-22 16:46:00,4.96,16770,France,2011-02-22 16:46:00,2011-02-22,2011,2011-02,9.92,False
536480,71053,WHITE METAL LANTERN,-2,2011-03-04 10:03:00,1.6,15848,United Kingdom,2011-03-04 10:03:00,2011-03-04,2011,2011-03,-3.2,True
536481,84879,ASSORTED COLOUR BIRD ORNAMENT,1,2011-01-04 11:10:00,1.69,13017,Netherlands,2011-01-04 11:10:00,2011-01-04,2011,2011-01,1.69,False
536481,21730,GLASS STAR FROSTED T-LIGHT HOLDER,12,2011-02-03 09:41:00,3.06,13860,France,2011-02-03 09:41:00,2011-02-03,2011,2011-02,36.72,False
536481,22633,HAND WARMER UNION JACK,-1,2011-03-01 12:14:00,4.07,16968,United Kingdom,2011-03-01 12:14:00,2011-03-01,2011,2011-03,-4.07,True
536482,71053,WHITE METAL LANTERN,3,2011-03-11 14:48:00,5.12,16881,United Kingdom,2011-03-11 14:48:00,2011-03-11,2011,2011-03,15.36,False
536482,21730,GLASS STAR FROSTED T-LIGHT HOLDER,12,2011-03-02 17:56:00,7.45,14794,United Kingdom,2011-03-02 17:56:00,2011-03-02,2011,2011-03,89.4,False
536482,85123A,WHITE HANGING HEART T-LIGHT HOLDER,6,2011-03-15 18:39:00,6.22,16024,Germany,2011-03-15 18:39:00,2011-03-15,2011,2011-03,37.32,False
536483,84029G,KNITTED UNION FLAG HOT WATER BOTTLE,2,2011-01-06 14:05:00,4.18,15912,Germany,2011-01-06 14:05:00,2011-01-06,2011,2011-01,8.36,False
536483,84879,ASSORTED COLOUR BIRD ORNAMENT,12,2011-01-09 09:24:00,4.46,16868,France,2011-01-09 09:24:00,2011-01-09,2011,2011-01,53.519999999999996,False
536483,85123A,WHITE HANGING HEART T-LIGHT HOLDER,6,2011-03-17 16:50:00,2.49,15741,Germany,2011-03-17 16:50:00,2011-03-17,2011,2011-03,14.940000000000001,False
536484,71053,WHITE METAL LANTERN,6,2011-01-13 12:55:00,4.46,15162,Netherlands,2011-01-13 12:55:00,2011-01-13,2011,2011-01,26.759999999999998,False
536484,84879,ASSORTED COLOUR BIRD ORNAMENT,1,2011-01-23 12:25:00,3.92,17332,Belgium,2011-01-23 12:25:00,2011-01-23,2011,2011-01,3.92,False
536484,22752,SET 7 BABUSHKA NESTING BOXES,1,2011-03-02 12:57:00,5.15,15113,France,2011-03-02 12:57:00,2011-03-02,2011,2011-03,5.15,False
536485,71053,WHITE METAL LANTERN,2,2011-01-18 12:47:00,2.85,14974,France,2011-01-18 12:47:00,2011-01-18,2011,2011-01,5.7,False
536485,71053,WHITE METAL LANTERN,2,2011-02-22 15:48:00,5.54,15409,United Kingdom,2011-02-22 15:48:00,2011-02-22,2011,2011-02,11.08,False
536485,84029E,RED WOOLLY HOTTIE WHITE HEART,4,2011-01-18 16:56:00,7.57,13769,Germany,2011-01-18 16:56:00,2011-01-18,2011,2011-01,30.28,False
536486,85123A,WHITE HANGING HEART T-LIGHT HOLDER,4,2011-01-07 13:45:00,4.28,15363,Netherlands,2011-01-07 13:45:00,2011-01-07,2011,2011-01,17.12,False
536486,71053,WHITE METAL LANTERN,2,2011-02-17 15:38:00,5.3,16233,Spain,2011-02-17 15:38:00,2011-02-17,2011,2011-02,10.6,False
536486,84029E,RED WOOLLY HOTTIE WHITE HEART,12,2011-01-12 12:01:00,5.88,13680,Spain,2011-01-12 12:01:00,2011-01-12,2011,2011-01,70.56,False
536487,84029G,UNKNOWN_ITEM,12,2011-01-27 12:41:00,3.7,12510,Belgium,2011-01-27 12:41:00,2011-01-27,2011,2011-01,44.400000000000006,False
536487,84406B,CREAM CUPID HEARTS COAT HANGER,1,2011-01-29 12:38:00,4.95,14848,Belgium,2011-01-29 12:38:00,2011-01-29,2011,2011-01,4.95,False
536487,21730,GLASS STAR FROSTED T-LIGHT HOLDER,24,2011-02-14 15:16:00,4.53,14821,Belgium,2011-02-14 15:16:00,2011-02-14,2011,2011-02,108.72,False
536488,84879,ASSORTED COLOUR BIRD ORNAMENT,6,2011-03-26 13:35:00,4.7,17335,France,2011-03-26 13:35:00,2011-03-26,2011,2011-03,28.200000000000003,False
536488,71053,WHITE METAL LANTERN,3,2011-03-23 13:55:00,2.95,17720,Belgium,2011-03-23 13:55:00,2011-03-23,2011,2011-03,8.850000000000001,False
536488,84029G,KNITTED UNION FLAG HOT WATER BOTTLE,24,2011-01-31 08:51:00,4.55,17261,Netherlands,2011-01-31 08:51:00,2011-01-31,2011,2011-01,109.19999999999999,False
536489,85123A,WHITE HANGING HEART T-LIGHT HOLDER,3,2011-02-03 14:25:00,5.5,12635,Spain,2011-02-03 14:25:00,2011-02-03,2011,2011-02,16.5,False
536489,84029G,KNITTED UNION FLAG HOT WATER BOTTLE,12,2011-01-29 18:34:00,7.4,16243,Belgium,2011-01-29 18:34:00,2011-01-29,2011,2011-01,88.80000000000001,False
536489,84406B,CREAM CUPID HEARTS COAT HANGER,6,2011-01-24 12:06:00,6.42,14464,Belgium,2011-01-24 12:06:00,2011-01-24,2011,2011-01,38.519999999999996,False
536490,84406B,CREAM CUPID HEARTS COAT HANGER,3,2011-03-25 09:14:00,8.81,14861,Netherlands,2011-03-25 09:14:00,2011-03-25,2011,2011-03,26.43,False
536490,84029E,RED WOOLLY HOTTIE WHITE HEART,4,2011-01-16 15:03:00,2.97,17126,Spain,2011-01-16 15:03:00,2011-01-16,2011,2011-01,11.88,False
536490,84029G,KNITTED UNION FLAG HOT WATER BOTTLE,24,2011-03-29 14:33:00,6.24,12788,Germany,2011-03-29 14:33:00,2011-03-29,2011,2011-03,149.76,False
536491,21730,GLASS STAR FROSTED T-LIGHT HOLDER,4,2011-01-19 13:55:00,4.87,13008,Netherlands,2011-01-19 13:55:00,2011-01-19,2011,2011-01,19.48,False
536491,22752,SET 7 BABUSHKA NESTING BOXES,1,2011-02-27 12:13:00,8.88,13727,Spain,2011-02-27 12:13:00,2011-02-27,2011,2011-02,8.88,False
536491,71053,UNKNOWN_ITEM,4,2011-03-23 14:25:00,2.88,16256,Netherlands,2011-03-23 14:25:00,2011-03-23,2011,2011-03,11.52,False
536492,22752,SET 7 BABUSHKA NESTING BOXES,3,2011-03-09 11:01:00,2.82,17479,Belgium,2011-03-09 11:01:00,2011-03-09,2011,2011-03,8.459999999999999,False
536492,22752,SET 7 BABUSHKA NESTING BOXES,1,2011-02-19 16:37:00,3.3,12880,United Kingdom,2011-02-19 16:37:00,2011-02-19,2011,2011-02,3.3,False
536492,22632,HAND WARMER RED POLKA DOT,3,2011-02-25 18:08:00,0.5,16361,France,2011-02-25 18:08:00,2011-02-25,2011,2011-02,1.5,False
536493,21730,GLASS STAR FROSTED T-LIGHT HOLDER,4,2011-01-17 11:46:00,3.45,16479,United Kingdom,2011-01-17 11:46:00,2011-01-17,2011,2011-01,13.8,False
536493,85123A,WHITE HANGING HEART T-LIGHT HOLDER,12,2011-02-02 16:39:00,2.98,12738,Belgium,2011-02-02 16:39:00,2011-02-02,2011,2011-02,35.76,False
536493,71053,WHITE METAL LANTERN,4,2011-01-16 16:16:00,4.8,13600,Germany,2011-01-16 16:16:00,2011-01-16,2011,2011-01,19.2,False
536494,84029E,RED WOOLLY HOTTIE WHITE HEART,1,2011-03-26 16:17:00,5.18,18086,Germany,2011-03-26 16:17:00,2011-03-26,2011,2011-03,5.18,False
536494,22632,HAND WARMER RED POLKA DOT,1,2011-02-06 09:50:00,8.25,13973,Spain,2011-02-06 09:50:00,2011-02-06,2011,2011-02,8.25,False
536494,22632,HAND WARMER RED POLKA DOT,3,2011-04-01 14:18:00,6.4,16836,Netherlands,2011-04-01 14:18:00,2011-04-01,2011,2011-04,19.200000000000003,False
536495,22633,HAND WARMER UNION JACK,1,2011-01-02 18:05:00,3.35,17049,Belgium,2011-01-02 18:05:00,2011-01-02,2011,2011-01,3.35,False
536495,22632,HAND WARMER RED POLKA DOT,2,2011-02-02 18:14:00,2.7,14771,France,2011-02-02 18:14:00,2011-02-02,2011,2011-02,5.4,False
536495,84406B,CREAM CUPID HEARTS COAT HANGER,24,2011-02-07 13:51:00,5.48,15835,Belgium,2011-02-07 13:51:00,2011-02-07,2011,2011-02,131.52,False
536496,85123A,WHITE HANGING HEART T-LIGHT HOLDER,3,2011-03-26 18:10:00,1.86,15931,Spain,2011-03-26 18:10:00,2011-03-26,2011,2011-03,5.58,False
536496,22752,SET 7 BABUSHKA NESTING BOXES,2,2011-01-15 14:25:00,8.16,14572,Netherlands,2011-01-15 14:25:00,2011-01-15,2011,2011-01,16.32,False
536496,21730,GLASS STAR FROSTED T-LIGHT HOLDER,24,2011-01-22 09:08:00,6.86,12826,Germany,2011-01-22 09:08:00,2011-01-22,2011,2011-01,164.64000000000001,False
536497,22633,UNKNOWN_ITEM,12,2011-02-26 10:39:00,3.56,15283,Spain,2011-02-26 10:39:00,2011-02-26,2011,2011-02,42.72,False
536497,84406B,CREAM CUPID HEARTS COAT HANGER,4,2011-01-15 14:28:00,1.07,GUEST,United Kingdom,2011-01-15 14:28:00,2011-01-15,2011,2011-01,4.28,False
536497,84879,ASSORTED COLOUR BIRD ORNAMENT,2,2011-03-27 13:33:00,7.21,18085,Spain,2011-03-27 13:33:00,2011-03-27,2011,2011-03,14.42,False
536498,84029G,KNITTED UNION FLAG HOT WATER BOTTLE,12,2011-03-28 18:24:00,4.27,16919,Spain,2011-03-28 18:24:00,2011-03-28,2011,2011-03,51.239999999999995,False
536498,84406B,CREAM CUPID HEARTS COAT HANGER,4,2011-03-05 10:04:00,6.98,14972,Germany,2011-03-05 10:04:00,2011-03-05,2011,2011-03,27.92,False
536498,22632,HAND WARMER RED POLKA DOT,12,2011-02-18 14:52:00,1.31,16106,Netherlands,2011-02-18 14:52:00,2011-02-18,2011,2011-02,15.72,False
536499,71053,WHITE METAL LANTERN,6,2011-03-23 12:56:00,4.51,14040,Belgium,2011-03-23 12:56:00,2011-03-23,2011,2011-03,27.06,False
536499,22752,SET 7 BABUSHKA NESTING BOXES,24,2011-01-29 15:21:00,4.59,17423,Spain,2011-01-29 15:21:00,2011-01-29,2011,2011-01,110.16,False
536500,22633,HAND WARMER UNION JACK,24,2011-03-26 11:00:00,3.6,17536,France,2011-03-26 11:00:00,2011-03-26,2011,2011-03,86.4,False
536500,71053,WHITE METAL LANTERN,3,2011-03-05 10:52:00,5.75,18257,Netherlands,2011-03-05 10:52:00,2011-03-05,2011,2011-03,17.25,False
536500,84029G,KNITTED UNION FLAG HOT WATER BOTTLE,24,2011-02-20 11:29:00,2.36,13907,Belgium,2011-02-20 11:29:00,2011-02-20,2011,2011-02,56.64,False
536501,85123A,WHITE HANGING HEART T-LIGHT HOLDER,24,2011-03-28 17:07:00,4.22,16036,Netherlands,2011-03-28 17:07:00,2011-03-28,2011,2011-03,101.28,False
536501,84406B,CREAM CUPID HEARTS COAT HANGER,1,2011-03-09 08:35:00,4.74,17139,Netherlands,2011-03-09 08:35:00,2011-03-09,2011,2011-03,4.74,False
536501,84406B,CREAM CUPID HEARTS COAT HANGER,2,2011-01-17 09:24:00,5.53,17311,France,2011-01-17 09:24:00,2011-01-17,2011,2011-01,11.06,False
536502,84879,ASSORTED COLOUR BIRD ORNAMENT,24,2011-02-01 12:25:00,5.92,14755,Netherlands,2011-02-01 12:25:00,2011-02-01,2011,2011-02,142.07999999999998,False
536502,84879,ASSORTED COLOUR BIRD ORNAMENT,12,2011-03-07 12:53:00,2.25,14917,Belgium,2011-03-07 12:53:00,2011-03-07,2011,2011-03,27.0,False
536502,84029G,KNITTED UNION FLAG HOT WATER BOTTLE,6,2011-02-07 18:22:00,1.43,13432,Belgium,2011-02-07 18:22:00,2011-02-07,2011,2011-02,8.58,False
536503,22632,HAND WARMER RED POLKA DOT,12,2011-02-11 09:48:00,7.06,16281,Spain,2011-02-11 09:48:00,2011-02-11,2011,2011-02,84.72,False
536503,21730,GLASS STAR FROSTED T-LIGHT HOLDER,24,2011-03-10 12:56:00,5.16,12450,Spain,2011-03-10 12:56:00,2011-03-10,2011,2011-03,123.84,False
536503,85123A,WHITE HANGING HEART T-LIGHT HOLDER,2,2011-02-04 10:18:00,3.0,13545,United Kingdom,2011-02-04 10:18:00,2011-02-04,2011,2011-02,6.0,False
536504,22632,HAND WARMER RED POLKA DOT,-1,2011-01-14 17:55:00,7.6,16948,Germany,2011-01-14 17:55:00,2011-01-14,2011,2011-01,-7.6,True
536504,84029G,KNITTED UNION FLAG HOT WATER BOTTLE,24,2011-03-31 12:44:00,4.73,15471,Netherlands,2011-03-31 12:44:00,2011-03-31,2011,2011-03,113.52000000000001,False
536504,22752,SET 7 BABUSHKA NESTING BOXES,1,2011-01-02 12:12:00,6.86,15975,Germany,2011-01-02 12:12:00,2011-01-02,2011,2011-01,6.86,False
536505,22752,SET 7 BABUSHKA NESTING BOXES,6,2011-03-19 11:49:00,4.64,13931,France,2011-03-19 11:49:00,2011-03-19,2011,2011-03,27.839999999999996,False
536505,71053,WHITE METAL LANTERN,2,2011-03-07 09:24:00,8.62,GUEST,Germany,2011-03-07 09:24:00,2011-03-07,2011,2011-03,17.24,False
536505,85123A,WHITE HANGING HEART T-LIGHT HOLDER,12,2011-01-20 08:09:00,8.01,17235,United Kingdom,2011-01-20 08:09:00,2011-01-20,2011,2011-01,96.12,False
536506,84029E,RED WOOLLY HOTTIE WHITE HEART,6,2011-03-12 13:04:00,4.0,14949,Spain,2011-03-12 13:04:00,2011-03-12,2011,2011-03,24.0,False
536506,71053,WHITE METAL LANTERN,2,2011-02-23 16:34:00,6.44,15208,Germany,2011-02-23 16:34:00,2011-02-23,2011,2011-02,12.88,False
536506,22752,SET 7 BABUSHKA NESTING BOXES,2,2011-03-21 16:30:00,5.79,17665,United Kingdom,2011-03-21 16:30:00,2011-03-21,2011,2011-03,11.58,False
536507,84029G,KNITTED UNION FLAG HOT WATER BOTTLE,6,2011-03-21 11:02:00,7.24,14975,Netherlands,2011-03-21 11:02:00,2011-03-21,2011,2011-03,43.44,False
536507,21730,GLASS STAR FROSTED T-LIGHT HOLDER,12,2011-02-06 08:58:00,2.57,15417,Spain,2011-02-06 08:58:00,2011-02-06,2011,2011-02,30.839999999999996,False
536507,85123A,WHITE HANGING HEART T-LIGHT HOLDER,12,2011-01-25 13:32:00,5.87,13132,Germany,2011-01-25 13:32:00,2011-01-25,2011,2011-01,70.44,False
536508,22632,HAND WARMER RED POLKA DOT,2,2011-01-27 18:40:00,6.62,17960,Netherlands,2011-01-27 18:40:00,2011-01-27,2011,2011-01,13.24,False
536508,21730,GLASS STAR FROSTED T-LIGHT HOLDER,1,2011-03-29 10:01:00,0.98,15063,United Kingdom,2011-03-29 10:01:00,2011-03-29,2011,2011-03,0.98,False
536509,71053,WHITE METAL LANTERN,12,2011-03-21 09:48:00,0.5,12718,Belgium,2011-03-21 09:48:00,2011-03-21,2011,2011-03,6.0,False
536509,22632,HAND WARMER RED POLKA DOT,24,2011-03-29 12:38:00,3.96,15931,Netherlands,2011-03-29 12:38:00,2011-03-29,2011,2011-03,95.03999999999999,False
536509,22633,HAND WARMER UNION JACK,2,2011-01-18 14:50:00,5.94,16816,France,2011-01-18 14:50:00,2011-01-18,2011,2011-01,11.88,False
536510,22752,SET 7 BABUSHKA NESTING BOXES,1,2011-03-12 16:09:00,7.5,12387,Spain,2011-03-12 16:09:00,2011-03-12,2011,2011-03,7.5,False
536510,71053,WHITE METAL LANTERN,12,2011-02-14 11:26:00,4.65,16544,Germany,2011-02-14 11:26:00,2011-02-14,2011,2011-02,55.800000000000004,False
536510,84029E,RED WOOLLY HOTTIE WHITE HEART,2,2011-03-27 17:54:00,7.76,GUEST,Belgium,2011-03-27 17:54:00,2011-03-27,2011,2011-03,15.52,False
536511,71053,WHITE METAL LANTERN,2,2011-03-16 15:21:00,1.74,17845,Belgium,2011-03-16 15:21:00,2011-03-16,2011,2011-03,3.48,False
536511,71053,WHITE METAL LANTERN,3,2011-03-04 15:21:00,1.09,14850,Belgium,2011-03-04 15:21:00,2011-03-04,2011,2011-03,3.2700000000000005,False
536511,22752,SET 7 BABUSHKA NESTING BOXES,4,2011-01-22 08:20:00,4.39,14160,Belgium,2011-01-22 08:20:00,2011-01-22,2011,2011-01,17.56,False
536512,22752,SET 7 BABUSHKA NESTING BOXES,12,2011-02-12 15:29:00,5.27,14848,Netherlands,2011-02-12 15:29:00,2011-02-12,2011,2011-02,63.239999999999995,False
536512,84879,ASSORTED COLOUR BIRD ORNAMENT,3,2011-01-18 16:12:00,4.43,17479,United Kingdom,2011-01-18 16:12:00,2011-01-18,2011,2011-01,13.29,False
536512,22632,HAND WARMER RED POLKA DOT,24,2011-03-16 17:25:00,0.5,14088,United Kingdom,2011-03-16 17:25:00,2011-03-16,2011,2011-03,12.0,False
536513,22632,HAND WARMER RED POLKA DOT,24,2011-01-20 13:25:00,4.32,17176,Belgium,2011-01-20 13:25:00,2011-01-20,2011,2011-01,103.68,False
536513,22632,HAND WARMER RED POLKA DOT,4,2011-02-16 16:00:00,1.89,17376,Belgium,2011-02-16 16:00:00,2011-02-16,2011,2011-02,7.56,False
536513,22633,HAND WARMER UNION JACK,6,2011-03-14 18:55:00,5.84,16306,France,2011-03-14 18:55:00,2011-03-14,2011,2011-03,35.04,False
536514,84029G,KNITTED UNION FLAG HOT WATER BOTTLE,12,2011-01-30 08:42:00,5.23,15305,Netherlands,2011-01-30 08:42:00,2011-01-30,2011,2011-01,62.760000000000005,False
536514,85123A,WHITE HANGING HEART T-LIGHT HOLDER,12,2011-01-14 16:40:00,2.62,14503,Spain,2011-01-14 16:40:00,2011-01-14,2011,2011-01,31.44,False
536514,21730,GLASS STAR FROSTED T-LIGHT HOLDER,12,2011-01-10 16:16:00,3.47,14171,Spain,2011-01-10 16:16:00,2011-01-10,2011,2011-01,41.64,False
536515,22752,SET 7 BABUSHKA NESTING BOXES,4,2011-03-19 08:32:00,2.38,15949,Germany,2011-03-19 08:32:00,2011-03-19,2011,2011-03,9.52,False
536515,84029E,RED WOOLLY HOTTIE WHITE HEART,2,2011-01-21 13:38:00,4.37,13315,Belgium,2011-01-21 13:38:00,2011-01-21,2011,2011-01,8.74,False
536515,71053,WHITE METAL LANTERN,4,2011-03-03 11:37:00,6.41,15712,United Kingdom,2011-03-03 11:37:00,2011-03-03,2011,2011-03,25.64,False
536516,84879,ASSORTED COLOUR BIRD ORNAMENT,12,2011-03-07 08:57:00,2.53,12804,Germany,2011-03-07 08:57:00,2011-03-07,2011,2011-03,30.36,False
536516,21730,GLASS STAR FROSTED T-LIGHT HOLDER,6,2011-03-23 08:56:00,5.51,17767,France,2011-03-23 08:56:00,2011-03-23,2011,2011-03,33.06,False
536516,84879,ASSORTED COLOUR BIRD ORNAMENT,24,2011-03-03 10:14:00,3.44,17268,Germany,2011-03-03 10:14:00,2011-03-03,2011,2011-03,82.56,False
536517,84406B,CREAM CUPID HEARTS COAT HANGER,6,2011-02-03 10:46:00,2.91,16060,Spain,2011-02-03 10:46:00,2011-02-03,2011,2011-02,17.46,False
536517,21730,GLASS STAR FROSTED T-LIGHT HOLDER,1,2011-01-26 16:55:00,4.29,17952,Netherlands,2011-01-26 16:55:00,2011-01-26,2011,2011-01,4.29,False
536517,84406B,CREAM CUPID HEARTS COAT HANGER,6,2011-03-18 08:56:00,2.43,16469,United Kingdom,2011-03-18 08:56:00,2011-03-18,2011,2011-03,14.580000000000002,False
536518,84879,ASSORTED COLOUR BIRD ORNAMENT,1,2011-03-28 18:27:00,3.39,15380,United Kingdom,2011-03-28 18:27:00,2011-03-28,2011,2011-03,3.39,False
536518,22633,HAND WARMER UNION JACK,4,2011-02-14 17:51:00,2.1,18053,Spain,2011-02-14 17:51:00,2011-02-14,2011,2011-02,8.4,False
536518,22633,HAND WARMER UNION JACK,24,2011-01-11 12:38:00,8.43,15693,France,2011-01-11 12:38:00,2011-01-11,2011,2011-01,202.32,False
536519,85123A,WHITE HANGING HEART T-LIGHT HOLDER,1,2011-03-08 08:24:00,4.57,17980,France,2011-03-08 08:24:00,2011-03-08,2011,2011-03,4.57,False
536519,21730,GLASS STAR FROSTED T-LIGHT HOLDER,3,2011-02-03 16:27:00,3.1,17358,France,2011-02-03 16:27:00,2011-02-03,2011,2011-02,9.3,False
536519,84029G,KNITTED UNION FLAG HOT WATER BOTTLE,24,2011-03-13 15:11:00,4.93,16891,Netherlands,2011-03-13 15:11:00,2011-03-13,2011,2011-03,118.32,False
536520,22752,SET 7 BABUSHKA NESTING BOXES,4,2011-01-18 18:07:00,4.28,16004,Belgium,2011-01-18 18:07:00,2011-01-18,2011,2011-01,17.12,False
536520,22632,HAND WARMER RED POLKA DOT,3,2011-03-12 17:44:00,4.06,12772,Germany,2011-03-12 17:44:00,2011-03-12,2011,2011-03,12.18,False
536520,71053,WHITE METAL LANTERN,4,2011-03-18 14:05:00,5.73,14162,France,2011-03-18 14:05:00,2011-03-18,2011,2011-03,22.92,False
536521,21730,GLASS STAR FROSTED T-LIGHT HOLDER,4,2011-03-20 18:33:00,6.02,17240,United Kingdom,2011-03-20 18:33:00,2011-03-20,2011,2011-03,24.08,False
536521,22633,HAND WARMER UNION JACK,2,2011-03-26 16:18:00,3.44,17257,Spain,2011-03-26 16:18:00,2011-03-26,2011,2011-03,6.88,False
536521,84406B,CREAM CUPID HEARTS COAT HANGER,3,2011-01-31 18:00:00,3.35,13057,France,2011-01-31 18:00:00,2011-01-31,2011,2011-01,10.05,False
536522,21730,GLASS STAR FROSTED T-LIGHT HOLDER,2,2011-03-08 08:47:00,3.95,13084,Spain,2011-03-08 08:47:00,2011-03-08,2011,2011-03,7.9,False
536522,84879,ASSORTED COLOUR BIRD ORNAMENT,24,2011-02-05 11:38:00,0.5,16071,Netherlands,2011-02-05 11:38:00,2011-02-05,2011,2011-02,12.0,False
536522,21730,GLASS STAR FROSTED T-LIGHT HOLDER,6,2011-01-10 16:18:00,1.47,13304,Spain,2011-01-10 16:18:00,2011-01-10,2011,2011-01,8.82,False
536523,84879,ASSORTED COLOUR BIRD ORNAMENT,4,2011-02-18 17:30:00,7.23,15128,Netherlands,2011-02-18 17:30:00,2011-02-18,2011,2011-02,28.92,False
536523,85123A,WHITE HANGING HEART T-LIGHT HOLDER,3,2011-01-09 14:40:00,7.79,14151,Belgium,2011-01-09 14:40:00,2011-01-09,2011,2011-01,23.37,False
536523,21730,GLASS STAR FROSTED T-LIGHT HOLDER,6,2011-03-10 08:44:00,4.0,14379,France,2011-03-10 08:44:00,2011-03-10,2011,2011-03,24.0,False
536524,22752,SET 7 BABUSHKA NESTING BOXES,3,2011-03-02 13:22:00,5.65,17045,France,2011-03-02 13:22:00,2011-03-02,2011,2011-03,16.950000000000003,False
536524,84029G,KNITTED UNION FLAG HOT WATER BOTTLE,2,2011-01-31 11:55:00,5.12,14223,Germany,2011-01-31 11:55:00,2011-01-31,2011,2011-01,10.24,False
536524,22752,UNKNOWN_ITEM,1,2011-01-16 09:43:00,10.66,16381,Spain,2011-01-16 09:43:00,2011-01-16,2011,2011-01,10.66,False
536525,85123A,WHITE HANGING HEART T-LIGHT HOLDER,3,2011-03-21 13:31:00,6.74,17052,France,2011-03-21 13:31:00,2011-03-21,2011,2011-03,20.22,False
536525,22632,HAND WARMER RED POLKA DOT,2,2011-03-15 10:03:00,4.24,15812,Netherlands,2011-03-15 10:03:00,2011-03-15,2011,2011-03,8.48,False
536526,84029G,KNITTED UNION FLAG HOT WATER BOTTLE,1,2011-02-11 13:39:00,1.29,13879,Spain,2011-02-11 13:39:00,2011-02-11,2011,2011-02,1.29,False
536526,84879,ASSORTED COLOUR BIRD ORNAMENT,2,2011-03-05 14:13:00,4.91,15395,France,2011-03-05 14:13:00,2011-03-05,2011,2011-03,9.82,False
536526,84406B,CREAM CUPID HEARTS COAT HANGER,6,2011-03-29 11:52:00,2.99,14557,Germany,2011-03-29 11:52:00,2011-03-29,2011,2011-03,17.94,False
536527,84029G,KNITTED UNION FLAG HOT WATER BOTTLE,12,2011-01-20 15:51:00,1.66,GUEST,Germany,2011-01-20 15:51:00,2011-01-20,2011,2011-01,19.919999999999998,False
536527,22632,HAND WARMER RED POLKA DOT,3,2011-03-04 12:16:00,3.21,16997,United Kingdom,2011-03-04 12:16:00,2011-03-04,2011,2011-03,9.629999999999999,False
536527,85123A,WHITE HANGING HEART T-LIGHT HOLDER,3,2011-03-02 18:06:00,2.34,15087,France,2011-03-02 18:06:00,2011-03-02,2011,2011-03,7.02,False
536528,84029E,RED WOOLLY HOTTIE WHITE HEART,4,2011-01-16 13:55:00,7.87,17306,Germany,2011-01-16 13:55:00,2011-01-16,2011,2011-01,31.48,False
536528,22632,HAND WARMER RED POLKA DOT,24,2011-02-06 13:20:00,6.26,16339,Belgium,2011-02-06 13:20:00,2011-02-06,2011,2011-02,150.24,False
536528,84879,ASSORTED COLOUR BIRD ORNAMENT,12,2011-01-19 10:40:00,4.48,15109,Netherlands,2011-01-19 10:40:00,2011-01-19,2011,2011-01,53.760000000000005,False
536529,71053,WHITE METAL LANTERN,12,2011-01-30 13:20:00,7.46,18165,France,2011-01-30 13:20:00,2011-01-30,2011,2011-01,89.52,False
536529,22633,HAND WARMER UNION JACK,3,2011-03-17 16:28:00,4.65,13852,United Kingdom,2011-03-17 16:28:00,2011-03-17,2011,2011-03,13.950000000000001,False
536529,84029E,RED WOOLLY HOTTIE WHITE HEART,12,2011-01-11 11:10:00,2.78,13128,United Kingdom,2011-01-11 11:10:00,2011-01-11,2011,2011-01,33.36,False
536530,85123A,WHITE HANGING HEART T-LIGHT HOLDER,24,2011-03-09 09:06:00,7.55,13618,United Kingdom,2011-03-09 09:06:00,2011-03-09,2011,2011-03,181.2,False
536530,84029E,UNKNOWN_ITEM,12,2011-02-06 15:40:00,5.58,16661,Germany,2011-02-06 15:40:00,2011-02-06,2011,2011-02,66.96000000000001,False
536530,22752,SET 7 BABUSHKA NESTING BOXES,4,2011-03-11 12:35:00,2.43,18060,Spain,2011-03-11 12:35:00,2011-03-11,2011,2011-03,9.72,False
536531,84879,ASSORTED COLOUR BIRD ORNAMENT,12,2011-03-23 16:19:00,4.12,16291,Spain,2011-03-23 16:19:00,2011-03-23,2011,2011-03,49.44,False
