customerID,gender,SeniorCitizen,Partner,Dependents,tenure,PhoneService,MultipleLines,InternetService,OnlineSecurity,OnlineBackup,DeviceProtection,TechSupport,StreamingTV,StreamingMovies,Contract,PaperlessBilling,PaymentMethod,MonthlyCharges,TotalCharges,Churn
7590-0000,Male,0,Yes,Yes,50,No,No phone service,DSL,No,No,No,Yes,Yes,Yes,Month-to-month,Yes,Mailed check,50.98,2552.87,No
7590-0001,Male,0,No,Yes,56,No,No phone service,DSL,No,No,No,No,No,Yes,Month-to-month,No,Electronic check,38.44,2128.40,No
7590-0002,Female,0,No,Yes,54,Yes,Yes,No,No internet service,No internet service,No internet service,No internet service,No internet service,No internet service,Month-to-month,No,Bank transfer (automatic),27.31,1458.53,No
7590-0003,Male,0,No,Yes,41,No,No phone service,Fiber optic,Yes,Yes,No,No,No,No,One year,Yes,Bank transfer (automatic),67.71,2805.57,No
7590-0004,Male,0,No,Yes,11,No,No phone service,No,No internet service,No internet service,No internet service,No internet service,No internet service,No internet service,Two year,No,Electronic check,19.42,161.12,No
7590-0005,Male,0,Yes,No,58,No,No phone service,DSL,No,No,Yes,No,No,No,Month-to-month,Yes,Mailed check,38.84,2292.57,Yes
7590-0006,Male,0,No,Yes,4,No,No phone service,Fiber optic,No,Yes,No,Yes,Yes,Yes,One year,Yes,Electronic check,79.94,359.63,No
7590-0007,Male,0,No,Yes,33,Yes,No,Fiber optic,Yes,No,Yes,No,No,Yes,Month-to-month,Yes,Credit card (automatic),91.99,3090.31,Yes
7590-0008,Female,0,Yes,Yes,20,No,No phone service,No,No internet service,No internet service,No internet service,No internet service,No internet service,No internet service,One year,No,Credit card (automatic),18.0,337.68,No
7590-0009,Male,1,No,Yes,1,Yes,Yes,DSL,No,No,Yes,No,Yes,No,One year,No,Bank transfer (automatic),82.52,122.62,Yes
7590-0010,Male,0,No,Yes,4,No,No phone service,Fiber optic,Yes,No,No,No,Yes,No,Month-to-month,Yes,Credit card (automatic),66.49,249.93,Yes
7590-0011,Male,0,Yes,Yes,37,No,No phone service,Fiber optic,Yes,No,No,No,No,No,One year,No,Electronic check,61.56,2257.60,No
7590-0012,Male,0,No,No,53,No,No phone service,Fiber optic,No,No,Yes,No,No,Yes,Month-to-month,No,Bank transfer (automatic),65.44,3431.60,Yes
7590-0013,Male,0,No,No,47,No,No phone service,Fiber optic,Yes,No,Yes,No,Yes,Yes,Month-to-month,No,Electronic check,88.83,4201.81,Yes
7590-0014,Male,0,No,No,66,No,No phone service,DSL,Yes,No,No,No,No,No,Month-to-month,No,Electronic check,43.99,2916.72,No
7590-0015,Male,0,No,No,25,No,No phone service,DSL,No,Yes,No,No,No,No,One year,No,Electronic check,42.26,1073.90,No
7590-0016,Female,1,Yes,Yes,20,No,No phone service,Fiber optic,Yes,No,No,No,No,No,Month-to-month,No,Bank transfer (automatic),68.14,1372.66,Yes
7590-0017,Male,1,Yes,Yes,47,No,No phone service,Fiber optic,Yes,Yes,No,Yes,Yes,No,Month-to-month,No,Bank transfer (automatic),86.7,4085.34,No
7590-0018,Female,0,Yes,No,69,No,No phone service,DSL,No,No,No,No,No,Yes,One year,Yes,Mailed check,49.38,3424.48,No
7590-0019,Female,0,No,Yes,23,No,No phone service,No,No internet service,No internet service,No internet service,No internet service,No internet service,No internet service,Two year,Yes,Bank transfer (automatic),18.0,402.53,No
7590-0020,Male,0,Yes,Yes,9,Yes,No,No,No internet service,No internet service,No internet service,No internet service,No internet service,No internet service,Month-to-month,Yes,Credit card (automatic),19.68,169.83,Yes
7590-0021,Male,1,Yes,Yes,19,No,No phone service,No,No internet service,No internet service,No internet service,No internet service,No internet service,No internet service,Month-to-month,No,Electronic check,18.0,318.61,Yes
7590-0022,Female,0,Yes,No,21,No,No phone service,Fiber optic,No,No,Yes,Yes,Yes,Yes,Month-to-month,Yes,Electronic check,71.49,1470.33,Yes
7590-0023,Female,0,Yes,Yes,13,No,No phone service,No,No internet service,No internet service,No internet service,No internet service,No internet service,No internet service,Month-to-month,No,Electronic check,18.0,237.45,No
7590-0024,Female,0,No,Yes,4,No,No phone service,No,No internet service,No internet service,No internet service,No internet service,No internet service,No internet service,Month-to-month,No,Electronic check,20.96,98.45,Yes
7590-0025,Male,0,No,Yes,14,No,No phone service,Fiber optic,No,Yes,No,Yes,No,No,One year,No,Credit card (automatic),71.43,1003.97,Yes
7590-0026,Male,0,Yes,Yes,51,No,No phone service,Fiber optic,No,Yes,No,No,Yes,Yes,One year,Yes,Electronic check,63.71,3294.72,No
7590-0027,Female,1,Yes,Yes,63,No,No phone service,Fiber optic,Yes,Yes,No,Yes,No,No,Month-to-month,Yes,Credit card (automatic),80.56,5084.34,No
7590-0028,Male,1,No,Yes,17,No,No phone service,DSL,Yes,No,Yes,Yes,No,Yes,Month-to-month,No,Electronic check,63.82, ,Yes
7590-0029,Male,0,Yes,Yes,38,No,No phone service,DSL,No,Yes,No,No,Yes,Yes,Month-to-month,No,Electronic check,59.99,2267.80,No
7590-0030,Female,0,No,Yes,47,No,No phone service,Fiber optic,No,No,No,No,No,No,Month-to-month,Yes,Mailed check,58.26,2733.90,No
7590-0031,Male,0,No,Yes,70,No,No phone service,No,No internet service,No internet service,No internet service,No internet service,No internet service,No internet service,Month-to-month,No,Electronic check,18.0,1257.25,No
7590-0032,Female,1,No,Yes,58,No,No phone service,DSL,No,Yes,No,Yes,No,Yes,Month-to-month,No,Credit card (automatic),58.87,3400.05,No
7590-0033,Female,0,No,Yes,34,No,No phone service,DSL,Yes,No,Yes,Yes,No,Yes,Month-to-month,Yes,Credit card (automatic),70.08,2360.58,No
7590-0034,Female,0,Yes,No,43,No,No phone service,No,No internet service,No internet service,No internet service,No internet service,No internet service,No internet service,Month-to-month,No,Electronic check,18.0,788.81,No
7590-0035,Male,0,No,Yes,30,No,No phone service,Fiber optic,Yes,No,Yes,Yes,Yes,No,Month-to-month,No,Bank transfer (automatic),73.03,2190.85,No
7590-0036,Female,0,No,Yes,50,No,No phone service,DSL,No,Yes,No,No,No,Yes,One year,Yes,Electronic check,59.57,2957.66,No
7590-0037,Male,0,No,Yes,38,No,No phone service,No,No internet service,No internet service,No internet service,No internet service,No internet service,No internet service,Month-to-month,No,Electronic check,18.0, ,No
7590-0038,Female,1,No,Yes,68,No,No phone service,Fiber optic,No,Yes,No,No,Yes,No,Month-to-month,Yes,Bank transfer (automatic),78.34,5327.78,No
7590-0039,Male,1,No,Yes,55,No,No phone service,Fiber optic,No,No,No,Yes,No,No,Two year,Yes,Credit card (automatic),56.08,3076.66,No
7590-0040,Female,0,Yes,Yes,6,No,No phone service,Fiber optic,No,Yes,No,No,Yes,Yes,Month-to-month,Yes,Mailed check,74.24,437.03,Yes
7590-0041,Female,0,Yes,No,25,No,No phone service,Fiber optic,Yes,No,No,Yes,Yes,Yes,Month-to-month,No,Electronic check,77.41,1934.24,No
7590-0042,Male,0,Yes,Yes,29,No,No phone service,DSL,No,No,No,No,Yes,Yes,One year,Yes,Mailed check,51.6,1474.35,No
7590-0043,Male,0,Yes,Yes,28,No,No phone service,Fiber optic,Yes,Yes,No,No,Yes,No,Month-to-month,Yes,Bank transfer (automatic),72.89,2093.41,Yes
7590-0044,Male,0,No,Yes,34,Yes,Yes,DSL,No,Yes,No,No,No,No,Month-to-month,Yes,Electronic check,55.55,1899.51,No
7590-0045,Male,0,No,No,5,No,No phone service,DSL,Yes,Yes,No,Yes,No,Yes,Month-to-month,No,Electronic check,52.13,264.57,No
7590-0046,Female,0,Yes,No,52,No,No phone service,DSL,No,No,Yes,Yes,Yes,Yes,One year,No,Bank transfer (automatic),57.02,2998.17,No
7590-0047,Male,0,Yes,Yes,10,No,No phone service,Fiber optic,No,Yes,Yes,No,No,No,Two year,Yes,Electronic check,72.06,724.07,No
7590-0048,Male,0,Yes,Yes,32,No,No phone service,Fiber optic,No,Yes,No,No,Yes,No,Two year,Yes,Credit card (automatic),65.87,2157.61,No
7590-0049,Male,0,No,Yes,18,No,No phone service,DSL,No,No,Yes,Yes,No,Yes,Two year,Yes,Credit card (automatic),54.08,999.34,No
7590-0050,Female,0,Yes,Yes,34,No,No phone service,Fiber optic,No,Yes,Yes,No,No,Yes,Month-to-month,No,Bank transfer (automatic),78.44,2707.85,Yes
7590-0051,Female,0,No,Yes,45,No,No phone service,Fiber optic,Yes,No,No,Yes,No,No,Month-to-month,Yes,Mailed check,76.61,3435.50,No
7590-0052,Female,0,No,Yes,51,Yes,Yes,No,No internet service,No internet service,No internet service,No internet service,No internet service,No internet service,Two year,No,Bank transfer (automatic),39.07,1986.63,No
7590-0053,Female,1,No,Yes,54,No,No phone service,No,No internet service,No internet service,No internet service,No internet service,No internet service,No internet service,Month-to-month,No,Bank transfer (automatic),18.0,990.15,No
7590-0054,Male,0,Yes,No,22,No,No phone service,No,No internet service,No internet service,No internet service,No internet service,No internet service,No internet service,One year,Yes,Electronic check,23.85,538.16,No
7590-0055,Female,0,No,Yes,70,No,No phone service,Fiber optic,No,Yes,No,Yes,No,No,Month-to-month,No,Credit card (automatic),61.79,4277.64,No
7590-0056,Female,1,Yes,No,18,No,No phone service,DSL,No,Yes,No,Yes,Yes,Yes,Month-to-month,Yes,Electronic check,73.2,1309.38,Yes
7590-0057,Male,0,Yes,No,30,No,No phone service,No,No internet service,No internet service,No internet service,No internet service,No internet service,No internet service,Month-to-month,No,Credit card (automatic),31.94,1009.56,Yes
7590-0058,Female,0,Yes,Yes,50,No,No phone service,DSL,No,No,No,Yes,No,Yes,One year,Yes,Electronic check,53.41,2664.24,No
7590-0059,Male,1,No,No,17,No,No phone service,DSL,Yes,No,No,Yes,No,No,Two year,No,Bank transfer (automatic),66.55,1137.90,No
7590-0060,Male,0,Yes,No,17,No,No phone service,No,No internet service,No internet service,No internet service,No internet service,No internet service,No internet service,Month-to-month,Yes,Electronic check,19.36,320.13,No
7590-0061,Male,0,No,Yes,70,Yes,No,DSL,Yes,No,No,No,No,No,Month-to-month,Yes,Credit card (automatic),62.71,4425.51,No
7590-0062,Male,0,No,Yes,28,No,No phone service,DSL,Yes,No,Yes,No,Yes,No,Month-to-month,No,Credit card (automatic),62.43,1718.62,No
7590-0063,Female,0,Yes,No,29,No,No phone service,DSL,No,No,Yes,No,Yes,No,Two year,No,Electronic check,49.87,1442.46,No
7590-0064,Female,0,Yes,Yes,4,No,No phone service,Fiber optic,Yes,No,Yes,No,No,No,One year,Yes,Bank transfer (automatic),69.9,265.18,No
7590-0065,Female,0,No,No,21,No,No phone service,Fiber optic,Yes,Yes,No,No,Yes,No,Month-to-month,No,Credit card (automatic),71.76,1526.23,No
7590-0066,Male,0,No,Yes,69,No,No phone service,Fiber optic,Yes,Yes,No,Yes,No,No,Month-to-month,No,Bank transfer (automatic),88.87,6140.68,No
7590-0067,Female,1,Yes,Yes,38,No,No phone service,Fiber optic,No,No,No,Yes,No,No,Month-to-month,Yes,Mailed check,66.82,2504.77,Yes
7590-0068,Male,0,Yes,No,56,No,No phone service,DSL,No,Yes,Yes,Yes,No,Yes,Month-to-month,Yes,Electronic check,66.32,3721.14,Yes
7590-0069,Male,0,Yes,Yes,13,No,No phone service,DSL,No,No,No,No,No,Yes,Month-to-month,Yes,Credit card (automatic),47.12,603.17,Yes
7590-0070,Male,0,No,Yes,13,No,No phone service,DSL,Yes,No,No,Yes,No,No,One year,Yes,Electronic check,57.65,742.18,No
7590-0071,Female,0,Yes,Yes,21,No,No phone service,DSL,Yes,Yes,No,Yes,No,No,Month-to-month,No,Credit card (automatic),66.46,1399.58,Yes
7590-0072,Female,0,Yes,Yes,17,No,No phone service,Fiber optic,Yes,No,No,No,No,No,One year,No,Mailed check,63.38,1052.09,Yes
7590-0073,Female,1,Yes,Yes,8,No,No phone service,DSL,Yes,Yes,Yes,No,No,No,Two year,Yes,Credit card (automatic),48.81,401.18,No
7590-0074,Male,0,Yes,No,0,No,No phone service,Fiber optic,Yes,No,No,No,No,No,Month-to-month,No,Credit card (automatic),48.16, ,No
7590-0075,Male,0,No,Yes,12,No,No phone service,Fiber optic,Yes,No,No,No,No,No,Month-to-month,No,Electronic check,61.65,729.32,Yes
7590-0076,Female,0,No,No,33,No,No phone service,No,No internet service,No internet service,No internet service,No internet service,No internet service,No internet service,One year,Yes,Credit card (automatic),18.0,578.51,No
7590-0077,Male,1,Yes,Yes,45,No,No phone service,Fiber optic,Yes,No,Yes,No,No,No,Two year,No,Mailed check,69.29,3068.94,No
7590-0078,Female,0,Yes,Yes,69,No,No phone service,Fiber optic,Yes,No,No,Yes,No,No,One year,Yes,Bank transfer (automatic),69.23,4745.52,No
7590-0079,Female,0,No,Yes,40,No,No phone service,DSL,No,No,Yes,Yes,Yes,No,Two year,No,Electronic check,76.51,3054.69,No
7590-0080,Female,1,No,Yes,41,No,No phone service,Fiber optic,No,No,No,No,No,No,Month-to-month,Yes,Electronic check,52.04,2164.00,Yes
7590-0081,Male,0,No,Yes,51,No,No phone service,No,No internet service,No internet service,No internet service,No internet service,No internet service,No internet service,Month-to-month,No,Mailed check,20.56,1013.39,Yes
7590-0082,Female,0,No,Yes,38,No,No phone service,DSL,No,No,Yes,No,No,Yes,One year,No,Credit card (automatic),63.0,2403.54,No
7590-0083,Male,1,Yes,No,7,Yes,No,No,No internet service,No internet service,No internet service,No internet service,No internet service,No internet service,Month-to-month,No,Mailed check,25.96,145.23,No
7590-0084,Male,1,No,No,22,No,No phone service,Fiber optic,No,No,Yes,No,Yes,No,Month-to-month,No,Mailed check,71.63,1541.31,No
7590-0085,Female,1,Yes,Yes,15,No,No phone service,No,No internet service,No internet service,No internet service,No internet service,No internet service,No internet service,Month-to-month,No,Mailed check,18.0,282.23,No
7590-0086,Female,0,No,No,56,No,No phone service,No,No internet service,No internet service,No internet service,No internet service,No internet service,No internet service,Month-to-month,No,Mailed check,22.91, ,No
7590-0087,Female,0,Yes,No,1,No,No phone service,DSL,Yes,No,Yes,No,Yes,No,Month-to-month,Yes,Credit card (automatic),62.51, ,Yes
7590-0088,Female,0,Yes,Yes,11,No,No phone service,No,No internet service,No internet service,No internet service,No internet service,No internet service,No internet service,Month-to-month,Yes,Credit card (automatic),22.81,212.21,Yes
7590-0089,Male,1,Yes,Yes,13,No,No phone service,Fiber optic,No,No,No,No,No,Yes,One year,No,Electronic check,79.74,1042.38,Yes
7590-0090,Male,0,Yes,Yes,71,No,No phone service,Fiber optic,Yes,No,Yes,No,No,No,Month-to-month,No,Electronic check,86.3, ,No
7590-0091,Female,0,Yes,Yes,51,No,No phone service,Fiber optic,Yes,Yes,Yes,No,No,Yes,Month-to-month,No,Electronic check,98.79,5033.83,No
7590-0092,Male,0,Yes,Yes,51,No,No phone service,DSL,Yes,Yes,No,Yes,No,No,One year,No,Bank transfer (automatic),45.32,2309.22,No
7590-0093,Male,0,No,No,56,No,No phone service,No,No internet service,No internet service,No internet service,No internet service,No internet service,No internet service,Month-to-month,No,Credit card (automatic),18.0,1060.70,Yes
7590-0094,Male,0,No,No,31,No,No phone service,DSL,No,No,Yes,No,No,No,Month-to-month,Yes,Bank transfer (automatic),61.1,1863.55,No
7590-0095,Male,0,No,Yes,12,No,No phone service,DSL,No,Yes,Yes,No,No,No,Month-to-month,No,Electronic check,51.22,565.04,Yes
7590-0096,Male,0,Yes,Yes,26,No,No phone service,Fiber optic,Yes,No,No,Yes,No,No,Two year,No,Mailed check,62.0,1593.55,No
7590-0097,Female,0,Yes,Yes,39,No,No phone service,Fiber optic,Yes,Yes,Yes,Yes,No,No,Month-to-month,No,Bank transfer (automatic),67.38,2648.77,Yes
7590-0098,Male,0,Yes,No,2,No,No phone service,DSL,No,No,No,Yes,No,No,Month-to-month,No,Electronic check,35.77,74.93,Yes
7590-0099,Female,1,No,Yes,35,No,No phone service,No,No internet service,No internet service,No internet service,No internet service,No internet service,No internet service,Month-to-month,No,Credit card (automatic),25.98,895.60,No
7590-0100,Female,0,Yes,Yes,46,No,No phone service,DSL,Yes,Yes,Yes,Yes,No,No,Month-to-month,No,Credit card (automatic),73.21,3370.42,No
7590-0101,Female,1,No,Yes,5,No,No phone service,Fiber optic,Yes,No,Yes,No,Yes,No,Two year,Yes,Mailed check,80.54,385.79,No
7590-0102,Female,0,Yes,Yes,63,Yes,No,Fiber optic,No,Yes,No,No,No,Yes,Month-to-month,Yes,Electronic check,71.42,4508.56,No
7590-0103,Male,0,Yes,Yes,51,No,No phone service,Fiber optic,No,No,No,No,No,Yes,Month-to-month,No,Mailed check,61.45,3145.03,No
7590-0104,Male,0,Yes,No,44,No,No phone service,Fiber optic,Yes,Yes,No,No,Yes,No,Two year,Yes,Credit card (automatic),58.13,2562.21,No
7590-0105,Female,0,Yes,Yes,6,Yes,No,DSL,No,No,No,Yes,Yes,No,Month-to-month,Yes,Mailed check,66.98,435.93,Yes
7590-0106,Female,0,No,Yes,49,No,No phone service,DSL,No,No,No,No,No,Yes,Month-to-month,Yes,Electronic check,47.71,2282.52,No
7590-0107,Male,1,Yes,Yes,63,No,No phone service,Fiber optic,No,No,No,Yes,Yes,Yes,Month-to-month,No,Bank transfer (automatic),70.49,4446.31,Yes
7590-0108,Female,0,No,Yes,32,No,No phone service,Fiber optic,No,Yes,No,Yes,No,No,Month-to-month,Yes,Bank transfer (automatic),59.65,1950.61,Yes
7590-0109,Female,0,Yes,No,15,No,No phone service,No,No internet service,No internet service,No internet service,No internet service,No internet service,No internet service,Month-to-month,No,Credit card (automatic),18.0,295.60,No
7590-0110,Male,0,No,Yes,40,No,No phone service,Fiber optic,Yes,Yes,No,No,No,No,Two year,No,Credit card (automatic),67.75,2687.66,No
7590-0111,Female,1,Yes,Yes,71,No,No phone service,Fiber optic,No,Yes,No,Yes,No,Yes,Two year,No,Bank transfer (automatic),54.71,3880.60,No
7590-0112,Male,0,Yes,No,15,No,No phone service,DSL,No,No,No,No,Yes,Yes,One year,Yes,Electronic check,61.13,933.86,No
7590-0113,Female,0,Yes,Yes,69,No,No phone service,DSL,No,No,Yes,No,No,No,One year,No,Electronic check,34.31,2373.57,No
7590-0114,Male,0,No,Yes,11,No,No phone service,No,No internet service,No internet service,No internet service,No internet service,No internet service,No internet service,Month-to-month,Yes,Bank transfer (automatic),29.79,349.49,No
7590-0115,Male,0,No,Yes,18,No,No phone service,DSL,Yes,No,No,No,No,No,One year,Yes,Electronic check,51.66,937.54,No
7590-0116,Female,0,Yes,No,39,No,No phone service,Fiber optic,Yes,No,No,No,No,No,Month-to-month,No,Bank transfer (automatic),56.68,2209.69,Yes
7590-0117,Male,1,No,Yes,11,No,No phone service,Fiber optic,No,No,No,No,No,No,One year,No,Bank transfer (automatic),53.46,590.97,No
7590-0118,Male,0,Yes,Yes,54,No,No phone service,DSL,No,No,Yes,Yes,No,Yes,Month-to-month,Yes,Electronic check,68.9,3751.06,No
7590-0119,Female,0,No,No,72,No,No phone service,DSL,No,No,No,No,Yes,Yes,Month-to-month,No,Credit card (automatic),38.96,2810.17,No
7590-0120,Male,0,No,Yes,29,No,No phone service,Fiber optic,Yes,Yes,No,Yes,No,Yes,One year,No,Credit card (automatic),86.41,2537.90,Yes
7590-0121,Male,0,No,No,8,Yes,Yes,DSL,No,Yes,No,Yes,No,No,Month-to-month,No,Bank transfer (automatic),75.93,613.58,Yes
7590-0122,Female,0,No,Yes,67,No,No phone service,Fiber optic,Yes,No,No,No,No,No,Month-to-month,Yes,Bank transfer (automatic),53.0,3498.76,Yes
7590-0123,Female,1,Yes,Yes,37,No,No phone service,Fiber optic,Yes,No,No,Yes,No,Yes,Two year,No,Bank transfer (automatic),67.68,2497.84,No
7590-0124,Male,0,Yes,Yes,70,No,No phone service,Fiber optic,No,No,Yes,No,Yes,Yes,Month-to-month,No,Credit card (automatic),79.54,5571.72,Yes
7590-0125,Male,1,No,Yes,23,No,No phone service,Fiber optic,Yes,No,No,Yes,No,No,Month-to-month,Yes,Mailed check,51.23,1162.50,No
7590-0126,Female,0,Yes,Yes,38,No,No phone service,Fiber optic,No,No,Yes,No,No,No,Two year,Yes,Credit card (automatic),76.77,2926.32,No
7590-0127,Female,1,No,Yes,12,Yes,No,No,No internet service,No internet service,No internet service,No internet service,No internet service,No internet service,Month-to-month,No,Credit card (automatic),24.68, ,No
7590-0128,Male,0,No,Yes,65,No,No phone service,Fiber optic,No,No,No,Yes,Yes,No,Month-to-month,No,Mailed check,77.42,5044.66,Yes
7590-0129,Male,0,No,Yes,21,No,No phone service,DSL,Yes,No,No,No,Yes,No,Month-to-month,Yes,Mailed check,50.96,1040.24,No
7590-0130,Male,0,No,Yes,14,No,No phone service,Fiber optic,Yes,No,No,No,Yes,Yes,Month-to-month,Yes,Credit card (automatic),70.44,1027.04,No
7590-0131,Male,0,Yes,Yes,70,No,No phone service,DSL,Yes,No,Yes,No,No,No,One year,Yes,Credit card (automatic),43.66,3035.20,No
7590-0132,Male,0,Yes,Yes,9,No,No phone service,DSL,Yes,No,No,No,No,No,Month-to-month,Yes,Electronic check,52.41,488.86,No
7590-0133,Female,1,No,Yes,23,No,No phone service,Fiber optic,No,Yes,Yes,Yes,No,No,One year,No,Bank transfer (automatic),80.82,1881.38,Yes
7590-0134,Male,0,No,Yes,9,No,No phone service,No,No internet service,No internet service,No internet service,No internet service,No internet service,No internet service,Month-to-month,Yes,Bank transfer (automatic),21.3,171.69,No
7590-0135,Male,0,No,Yes,24,No,No phone service,Fiber optic,Yes,No,No,Yes,No,Yes,Month-to-month,No,Electronic check,81.22,1922.10,No
7590-0136,Male,0,Yes,No,2,No,No phone service,Fiber optic,No,No,Yes,Yes,No,No,Month-to-month,Yes,Bank transfer (automatic),62.84,147.62,No
7590-0137,Female,0,Yes,No,32,No,No phone service,Fiber optic,Yes,No,Yes,Yes,Yes,No,Two year,No,Credit card (automatic),94.52,3045.20,No
7590-0138,Male,0,No,Yes,48,No,No phone service,DSL,Yes,Yes,No,Yes,Yes,Yes,Month-to-month,No,Bank transfer (automatic),78.17,3759.67,No
7590-0139,Female,0,No,Yes,5,No,No phone service,DSL,No,No,No,Yes,Yes,No,Month-to-month,No,Mailed check,54.83,286.88,No
7590-0140,Female,0,Yes,No,21,No,No phone service,Fiber optic,Yes,No,No,No,No,No,Month-to-month,No,Electronic check,58.91,1224.53,Yes
7590-0141,Male,0,No,Yes,51,No,No phone service,DSL,No,No,No,Yes,Yes,No,Month-to-month,No,Mailed check,55.82,2841.09,Yes
7590-0142,Male,0,No,Yes,50,No,No phone service,Fiber optic,No,No,No,No,Yes,No,Two year,No,Mailed check,62.53,3118.34,No
7590-0143,Female,0,No,Yes,56,No,No phone service,DSL,No,Yes,Yes,Yes,Yes,Yes,Month-to-month,No,Electronic check,66.66,3757.21,Yes
7590-0144,Female,0,Yes,Yes,10,No,No phone service,DSL,No,Yes,No,No,No,No,Month-to-month,No,Credit card (automatic),49.55,507.88,Yes
7590-0145,Female,0,No,No,53,No,No phone service,DSL,Yes,Yes,No,No,No,No,Two year,Yes,Electronic check,50.26,2639.53,No
7590-0146,Female,0,Yes,Yes,55,Yes,Yes,DSL,No,Yes,No,No,No,No,Month-to-month,No,Electronic check,76.01,4174.10,No
7590-0147,Female,0,No,Yes,57,No,No phone service,DSL,Yes,No,No,No,No,Yes,Month-to-month,No,Mailed check,43.98,2518.08,Yes
7590-0148,Male,0,Yes,Yes,18,No,No phone service,Fiber optic,No,No,Yes,Yes,No,No,Month-to-month,No,Electronic check,70.82,1301.72,Yes
7590-0149,Male,1,No,Yes,46,No,No phone service,Fiber optic,No,No,No,No,No,No,One year,No,Credit card (automatic),50.38,2312.54,Yes
7590-0150,Male,0,Yes,Yes,36,Yes,No,DSL,No,No,No,No,No,No,Month-to-month,No,Credit card (automatic),60.57,2179.04,No
7590-0151,Male,0,No,Yes,32,No,No phone service,Fiber optic,Yes,No,No,No,Yes,No,Month-to-month,No,Electronic check,61.18,1958.88,No
7590-0152,Female,0,Yes,Yes,37,No,No phone service,No,No internet service,No internet service,No internet service,No internet service,No internet service,No internet service,Month-to-month,No,Electronic check,33.58,1236.30,No
7590-0153,Male,0,Yes,Yes,38,No,No phone service,Fiber optic,Yes,No,No,Yes,No,No,Month-to-month,Yes,Bank transfer (automatic),74.13,2834.12,No
7590-0154,Male,0,No,No,41,No,No phone service,No,No internet service,No internet service,No internet service,No internet service,No internet service,No internet service,Month-to-month,Yes,Credit card (automatic),18.0,766.13,Yes
7590-0155,Male,0,Yes,No,59,No,No phone service,No,No internet service,No internet service,No internet service,No internet service,No internet service,No internet service,One year,Yes,Electronic check,18.0,1096.71,No
7590-0156,Male,1,Yes,No,4,Yes,No,DSL,No,Yes,Yes,No,No,Yes,Month-to-month,Yes,Bank transfer (automatic),73.46,277.52,No
7590-0157,Male,0,No,Yes,6,No,No phone service,Fiber optic,No,No,No,No,Yes,No,Month-to-month,Yes,Credit card (automatic),64.36,426.16,No
7590-0158,Male,0,Yes,Yes,54,No,No phone service,DSL,No,Yes,No,No,Yes,No,Two year,No,Credit card (automatic),56.49,3069.88,No
7590-0159,Male,0,Yes,No,39,No,No phone service,No,No internet service,No internet service,No internet service,No internet service,No internet service,No internet service,Month-to-month,Yes,Electronic check,18.0,696.48,No
7590-0160,Male,0,No,No,58,No,No phone service,DSL,Yes,No,No,No,No,No,One year,Yes,Electronic check,31.87,1845.43,No
7590-0161,Male,0,No,Yes,7,No,No phone service,Fiber optic,No,No,No,Yes,No,No,Month-to-month,No,Electronic check,59.94,444.60,No
7590-0162,Female,0,No,Yes,37,No,No phone service,Fiber optic,No,Yes,No,No,Yes,Yes,Month-to-month,Yes,Credit card (automatic),79.37,2906.43,No
7590-0163,Male,0,No,Yes,3,No,No phone service,Fiber optic,Yes,No,No,Yes,Yes,No,Month-to-month,Yes,Bank transfer (automatic),77.47,213.25,Yes
7590-0164,Male,0,No,No,68,No,No phone service,DSL,Yes,No,No,No,Yes,No,One year,Yes,Mailed check,62.83,4271.96,No
7590-0165,Female,0,No,Yes,19,No,No phone service,DSL,No,No,No,No,No,No,Month-to-month,No,Bank transfer (automatic),41.87,796.52,No
7590-0166,Female,0,Yes,Yes,21,No,No phone service,Fiber optic,No,No,No,No,No,No,Month-to-month,Yes,Mailed check,66.23,1334.70,No
7590-0167,Male,0,No,Yes,20,No,No phone service,Fiber optic,Yes,No,Yes,No,No,Yes,Month-to-month,Yes,Credit card (automatic),95.36,1904.42,No
7590-0168,Male,0,Yes,No,9,No,No phone service,Fiber optic,Yes,Yes,No,No,Yes,No,Two year,No,Credit card (automatic),70.88,681.10,No
7590-0169,Female,0,No,Yes,1,Yes,No,Fiber optic,No,No,No,No,No,No,One year,Yes,Electronic check,71.26,28.12,No
7590-0170,Male,0,No,No,47,No,No phone service,No,No internet service,No internet service,No internet service,No internet service,No internet service,No internet service,Month-to-month,No,Bank transfer (automatic),23.62,1118.92,No
7590-0171,Female,0,Yes,Yes,11,No,No phone service,Fiber optic,Yes,No,No,Yes,No,No,Two year,No,Electronic check,66.16,702.84,No
7590-0172,Female,0,Yes,No,51,No,No phone service,Fiber optic,No,No,No,Yes,No,No,Month-to-month,Yes,Electronic check,57.25,2958.74,Yes
7590-0173,Male,0,Yes,Yes,20,No,No phone service,DSL,No,Yes,Yes,Yes,No,No,One year,No,Electronic check,52.7,1043.83,No
7590-0174,Male,0,No,Yes,34,No,No phone service,DSL,Yes,No,No,No,Yes,Yes,Month-to-month,Yes,Mailed check,40.62,1378.66,No
7590-0175,Male,0,Yes,Yes,33,No,No phone service,DSL,No,No,Yes,No,No,No,Month-to-month,Yes,Bank transfer (automatic),42.43,1417.75,No
7590-0176,Female,0,Yes,Yes,26,Yes,No,Fiber optic,Yes,Yes,No,No,Yes,Yes,Month-to-month,No,Electronic check,90.96,2347.03,Yes
7590-0177,Female,1,Yes,No,62,No,No phone service,Fiber optic,No,No,No,No,Yes,No,Month-to-month,No,Bank transfer (automatic),67.83,4199.59,No
7590-0178,Female,0,No,Yes,46,No,No phone service,DSL,No,No,Yes,Yes,No,No,Month-to-month,No,Bank transfer (automatic),55.79,2553.16,No
7590-0179,Female,0,Yes,Yes,20,No,No phone service,Fiber optic,No,No,No,No,No,No,One year,No,Bank transfer (automatic),59.5,1198.14,Yes
7590-0180,Female,0,No,No,18,No,No phone service,No,No internet service,No internet service,No internet service,No internet service,No internet service,No internet service,Month-to-month,No,Bank transfer (automatic),32.44, ,No
7590-0181,Male,1,Yes,Yes,5,No,No phone service,Fiber optic,No,Yes,No,No,Yes,No,Month-to-month,No,Credit card (automatic),71.75,370.15,Yes
7590-0182,Male,0,Yes,No,6,No,No phone service,No,No internet service,No internet service,No internet service,No internet service,No internet service,No internet service,Month-to-month,Yes,Bank transfer (automatic),18.0,79.54,Yes
7590-0183,Male,0,No,No,8,No,No phone service,Fiber optic,Yes,Yes,No,Yes,Yes,No,One year,No,Electronic check,92.13,771.95,Yes
7590-0184,Female,0,Yes,No,16,No,No phone service,Fiber optic,No,No,No,Yes,No,No,Two year,Yes,Bank transfer (automatic),66.84,1080.64,No
7590-0185,Female,0,Yes,Yes,16,Yes,Yes,DSL,Yes,Yes,No,Yes,No,Yes,One year,No,Mailed check,69.12,1082.99,No
7590-0186,Male,1,Yes,Yes,21,No,No phone service,DSL,Yes,Yes,No,Yes,No,Yes,Month-to-month,No,Bank transfer (automatic),66.75,1397.14,No
7590-0187,Male,1,Yes,Yes,38,No,No phone service,Fiber optic,No,No,Yes,No,Yes,No,Month-to-month,Yes,Credit card (automatic),69.57,2624.92,No
7590-0188,Male,0,Yes,No,44,No,No phone service,Fiber optic,Yes,Yes,No,No,Yes,No,One year,No,Electronic check,71.7,3171.98,No
7590-0189,Male,0,No,No,41,No,No phone service,DSL,No,No,No,No,Yes,No,Month-to-month,No,Electronic check,52.33,2196.07,No
7590-0190,Female,0,Yes,Yes,38,No,No phone service,Fiber optic,No,No,No,No,No,Yes,Month-to-month,No,Bank transfer (automatic),63.32,2443.40,Yes
7590-0191,Male,0,No,Yes,68,Yes,Yes,Fiber optic,No,No,Yes,No,No,Yes,Month-to-month,No,Credit card (automatic),79.69,5434.27,Yes
7590-0192,Female,0,Yes,No,16,No,No phone service,No,No internet service,No internet service,No internet service,No internet service,No internet service,No internet service,Month-to-month,No,Electronic check,18.0,263.08,No
7590-0193,Male,0,Yes,Yes,14,No,No phone service,Fiber optic,Yes,No,No,Yes,No,No,Month-to-month,No,Bank transfer (automatic),71.31,1008.37,No
7590-0194,Female,1,No,Yes,70,No,No phone service,No,No internet service,No internet service,No internet service,No internet service,No internet service,No internet service,Two year,No,Mailed check,22.01,1519.63,No
7590-0195,Female,0,No,No,50,Yes,Yes,Fiber optic,No,No,Yes,Yes,No,No,Month-to-month,Yes,Credit card (automatic),88.25,4434.22,No
7590-0196,Male,0,No,Yes,39,Yes,Yes,Fiber optic,No,Yes,No,No,No,No,One year,No,Mailed check,77.79,3009.35,No
7590-0197,Male,0,Yes,No,37,No,No phone service,Fiber optic,Yes,No,No,No,No,No,Month-to-month,Yes,Electronic check,57.52,2109.34,No
7590-0198,Female,0,Yes,Yes,47,No,No phone service,DSL,Yes,No,No,No,Yes,No,Month-to-month,No,Bank transfer (automatic),53.43,2473.03,No
7590-0199,Male,0,No,No,66,No,No phone service,DSL,Yes,No,No,No,No,Yes,Two year,Yes,Bank transfer (automatic),43.49,2838.15,No
7590-0200,Male,0,Yes,No,58,No,No phone service,DSL,No,No,No,No,Yes,No,Month-to-month,No,Electronic check,38.3,2183.63,No
7590-0201,Male,0,Yes,No,69,No,No phone service,Fiber optic,No,No,No,No,Yes,No,Month-to-month,No,Credit card (automatic),69.37,4777.98,Yes
7590-0202,Male,0,No,Yes,48,No,No phone service,DSL,No,No,Yes,Yes,No,No,Two year,Yes,Bank transfer (automatic),52.0,2534.29,No
7590-0203,Male,1,Yes,Yes,8,No,No phone service,Fiber optic,No,No,No,Yes,No,No,Month-to-month,No,Credit card (automatic),54.78, ,Yes
7590-0204,Male,0,No,Yes,2,No,No phone service,DSL,Yes,No,Yes,No,Yes,No,One year,Yes,Bank transfer (automatic),58.6,99.81,No
7590-0205,Female,0,No,Yes,48,No,No phone service,DSL,No,No,No,Yes,Yes,No,One year,Yes,Bank transfer (automatic),66.92,3228.95,No
7590-0206,Female,0,Yes,Yes,12,Yes,No,Fiber optic,Yes,Yes,No,No,Yes,Yes,Month-to-month,No,Electronic check,95.26,1186.38,No
7590-0207,Female,1,No,Yes,21,No,No phone service,DSL,Yes,Yes,No,No,No,Yes,Month-to-month,Yes,Bank transfer (automatic),51.89,1096.65,Yes
7590-0208,Male,0,No,Yes,68,No,No phone service,No,No internet service,No internet service,No internet service,No internet service,No internet service,No internet service,Month-to-month,No,Bank transfer (automatic),36.24,2446.93,No
7590-0209,Female,1,No,No,49,Yes,No,DSL,No,Yes,Yes,No,Yes,Yes,Month-to-month,No,Electronic check,74.51,3671.26,Yes
7590-0210,Male,1,Yes,Yes,57,No,No phone service,Fiber optic,No,No,No,No,No,Yes,One year,No,Electronic check,57.93,3249.01,Yes
7590-0211,Male,0,Yes,Yes,46,No,No phone service,DSL,Yes,No,Yes,No,Yes,No,Two year,No,Credit card (automatic),68.8, ,No
7590-0212,Female,1,No,Yes,54,Yes,Yes,Fiber optic,Yes,No,No,Yes,Yes,Yes,Two year,No,Electronic check,87.37,4689.92,No
7590-0213,Male,0,No,Yes,29,No,No phone service,DSL,Yes,No,Yes,No,Yes,Yes,Month-to-month,No,Credit card (automatic),56.69,1664.46,Yes
7590-0214,Female,1,No,Yes,23,No,No phone service,Fiber optic,Yes,No,No,No,Yes,No,Two year,No,Electronic check,61.05,1412.09,No
7590-0215,Female,0,No,Yes,49,No,No phone service,DSL,No,Yes,No,Yes,No,No,Month-to-month,No,Electronic check,51.94,2560.41,No
7590-0216,Female,0,No,No,5,No,No phone service,DSL,Yes,Yes,Yes,No,Yes,Yes,Two year,No,Credit card (automatic),73.23,368.84,No
7590-0217,Female,0,No,Yes,19,Yes,No,Fiber optic,No,Yes,Yes,Yes,Yes,No,Month-to-month,Yes,Credit card (automatic),83.48,1575.03,No
7590-0218,Female,0,No,Yes,9,No,No phone service,DSL,Yes,No,No,Yes,No,Yes,Two year,No,Electronic check,70.39,636.05,No
7590-0219,Female,0,No,Yes,11,No,No phone service,No,No internet service,No internet service,No internet service,No internet service,No internet service,No internet service,Month-to-month,Yes,Credit card (automatic),31.16,329.79,No
7590-0220,Male,0,No,Yes,62,No,No phone service,Fiber optic,Yes,Yes,No,Yes,Yes,No,Month-to-month,No,Electronic check,84.83,5262.80,No
7590-0221,Male,1,No,Yes,5,No,No phone service,DSL,No,No,Yes,Yes,No,No,One year,No,Electronic check,49.13,232.10,Yes
7590-0222,Female,0,No,Yes,8,No,No phone service,Fiber optic,Yes,No,No,No,No,Yes,Month-to-month,Yes,Electronic check,55.8,438.20,Yes
7590-0223,Male,0,No,Yes,13,Yes,Yes,DSL,No,No,Yes,No,Yes,No,Month-to-month,No,Credit card (automatic),59.76,811.56,Yes
7590-0224,Male,0,No,Yes,12,No,No phone service,DSL,No,No,No,No,Yes,No,Two year,Yes,Mailed check,57.06,640.84,No
7590-0225,Male,1,Yes,Yes,37,No,No phone service,Fiber optic,Yes,Yes,No,Yes,No,No,Two year,No,Bank transfer (automatic),79.79,2933.14,No
7590-0226,Female,0,Yes,Yes,57,No,No phone service,Fiber optic,No,No,No,No,Yes,No,Month-to-month,Yes,Electronic check,49.08,2804.27,No
7590-0227,Male,0,No,No,8,No,No phone service,No,No internet service,No internet service,No internet service,No internet service,No internet service,No internet service,Two year,No,Mailed check,18.0,125.47,No
7590-0228,Male,1,No,Yes,55,Yes,Yes,Fiber optic,No,Yes,Yes,No,Yes,No,One year,Yes,Bank transfer (automatic),97.22,5310.29,No
7590-0229,Female,0,Yes,Yes,22,No,No phone service,Fiber optic,No,No,Yes,No,No,Yes,Two year,Yes,Credit card (automatic),56.16,1230.23,No
7590-0230,Male,0,No,Yes,60,No,No phone service,Fiber optic,No,No,No,No,Yes,Yes,Month-to-month,No,Bank transfer (automatic),72.19,4284.32,No
7590-0231,Male,0,No,Yes,30,No,No phone service,DSL,No,No,No,No,No,Yes,Month-to-month,No,Bank transfer (automatic),46.52,1376.34,No
7590-0232,Male,1,No,Yes,56,No,No phone service,DSL,Yes,Yes,Yes,No,No,No,One year,Yes,Bank transfer (automatic),64.07,3592.00,No
7590-0233,Male,0,Yes,Yes,9,No,No phone service,DSL,No,Yes,No,Yes,No,No,Month-to-month,No,Bank transfer (automatic),41.91,409.42,Yes
7590-0234,Male,0,Yes,No,66,No,No phone service,Fiber optic,No,Yes,Yes,Yes,No,No,Month-to-month,No,Bank transfer (automatic),63.96,4207.83,No
7590-0235,Male,0,No,Yes,44,No,No phone service,Fiber optic,No,No,No,No,No,No,One year,Yes,Credit card (automatic),49.12,2144.94,Yes
7590-0236,Male,1,No,Yes,14,No,No phone service,Fiber optic,Yes,No,Yes,Yes,No,Yes,One year,Yes,Mailed check,73.92,1011.98,No
7590-0237,Female,0,Yes,Yes,51,No,No phone service,Fiber optic,No,No,No,Yes,Yes,No,Month-to-month,Yes,Bank transfer (automatic),63.68,3296.43,Yes
7590-0238,Male,0,Yes,Yes,45,No,No phone service,Fiber optic,Yes,No,No,No,No,No,One year,No,Mailed check,70.56,3168.97,No
7590-0239,Male,0,No,Yes,15,No,No phone service,DSL,No,No,No,No,No,Yes,Month-to-month,No,Mailed check,44.91,700.25,Yes
7590-0240,Male,0,Yes,No,70,No,No phone service,Fiber optic,No,No,No,No,Yes,No,Month-to-month,No,Credit card (automatic),61.88,4327.02,Yes
7590-0241,Male,0,No,Yes,52,No,No phone service,Fiber optic,Yes,No,No,Yes,No,No,Two year,No,Bank transfer (automatic),76.03,3867.93,No
7590-0242,Female,1,No,No,32,No,No phone service,DSL,Yes,Yes,No,No,No,No,One year,No,Bank transfer (automatic),61.89,1936.48,No
7590-0243,Female,1,Yes,Yes,24,No,No phone service,Fiber optic,Yes,No,Yes,Yes,No,Yes,Month-to-month,No,Credit card (automatic),81.33, ,No
7590-0244,Female,0,No,Yes,70,No,No phone service,Fiber optic,No,Yes,No,No,Yes,Yes,One year,No,Bank transfer (automatic),76.74,5358.84,No
7590-0245,Male,0,No,No,25,No,No phone service,DSL,Yes,No,Yes,No,Yes,No,Month-to-month,Yes,Electronic check,57.89,1469.38,No
7590-0246,Female,1,No,Yes,65,No,No phone service,DSL,Yes,Yes,No,No,Yes,No,Two year,Yes,Mailed check,70.39,4566.75,No
7590-0247,Male,0,No,Yes,20,No,No phone service,Fiber optic,Yes,Yes,Yes,Yes,No,No,Two year,No,Electronic check,79.63, ,No
7590-0248,Female,0,Yes,Yes,24,No,No phone service,DSL,No,Yes,Yes,No,No,No,One year,No,Credit card (automatic),45.76,1126.27,No
7590-0249,Female,0,No,Yes,2,No,No phone service,Fiber optic,Yes,Yes,No,Yes,No,No,Month-to-month,No,Mailed check,77.14,109.61,No
7590-0250,Male,0,No,No,50,No,No phone service,Fiber optic,No,No,Yes,Yes,Yes,Yes,Two year,No,Electronic check,83.48,4190.04,No
7590-0251,Female,1,No,Yes,35,No,No phone service,DSL,No,No,Yes,No,No,Yes,Month-to-month,No,Electronic check,53.79,1865.80,No
7590-0252,Female,0,Yes,Yes,38,No,No phone service,No,No internet service,No internet service,No internet service,No internet service,No internet service,No internet service,Month-to-month,No,Mailed check,18.0,666.51,No
7590-0253,Female,1,Yes,Yes,50,No,No phone service,No,No internet service,No internet service,No internet service,No internet service,No internet service,No internet service,One year,No,Mailed check,18.0,866.26,No
7590-0254,Male,0,No,No,53,No,No phone service,No,No internet service,No internet service,No internet service,No internet service,No internet service,No internet service,Two year,Yes,Electronic check,18.0,938.35,No
7590-0255,Male,0,Yes,Yes,27,No,No phone service,No,No internet service,No internet service,No internet service,No internet service,No internet service,No internet service,Two year,No,Credit card (automatic),18.0,447.99,No
7590-0256,Female,0,No,No,17,No,No phone service,DSL,Yes,Yes,No,Yes,No,No,Month-to-month,Yes,Electronic check,63.43,1062.54,No
7590-0257,Male,0,No,Yes,25,No,No phone service,Fiber optic,No,Yes,Yes,No,No,Yes,Month-to-month,No,Bank transfer (automatic),74.56,1868.83,No
7590-0258,Male,1,Yes,Yes,17,Yes,No,Fiber optic,Yes,Yes,No,No,Yes,No,Two year,No,Credit card (automatic),88.78,1527.71,No
7590-0259,Male,0,No,Yes,26,No,No phone service,DSL,No,Yes,Yes,Yes,No,No,One year,No,Bank transfer (automatic),50.76,1288.90,No
7590-0260,Female,0,Yes,Yes,47,No,No phone service,DSL,Yes,No,Yes,No,No,Yes,One year,Yes,Electronic check,73.56,3486.40,Yes
7590-0261,Male,0,Yes,Yes,71,No,No phone service,DSL,No,No,No,Yes,No,No,Month-to-month,No,Credit card (automatic),41.43,2951.84,No
7590-0262,Female,0,No,No,34,No,No phone service,DSL,No,No,No,No,No,No,Month-to-month,Yes,Bank transfer (automatic),53.04,1812.62,No
7590-0263,Male,0,No,Yes,40,No,No phone service,DSL,No,No,Yes,No,Yes,No,One year,No,Mailed check,42.2,1661.19,No
7590-0264,Male,0,Yes,Yes,9,No,No phone service,Fiber optic,No,No,No,Yes,Yes,No,Month-to-month,No,Electronic check,73.0,636.79,No
7590-0265,Female,0,No,Yes,12,No,No phone service,Fiber optic,No,Yes,No,Yes,No,Yes,Month-to-month,No,Electronic check,90.22,1078.36,Yes
7590-0266,Female,0,Yes,No,68,No,No phone service,DSL,No,Yes,No,Yes,No,Yes,Month-to-month,No,Electronic check,63.39,4306.91,Yes
7590-0267,Male,1,Yes,No,26,No,No phone service,DSL,No,Yes,No,No,No,Yes,Month-to-month,Yes,Credit card (automatic),47.11,1214.24,Yes
7590-0268,Female,0,Yes,Yes,40,No,No phone service,DSL,No,Yes,No,Yes,No,Yes,Two year,Yes,Mailed check,49.88,1973.27,No
7590-0269,Female,1,Yes,No,4,No,No phone service,DSL,Yes,Yes,Yes,No,No,Yes,Month-to-month,No,Mailed check,58.31,265.45,Yes
7590-0270,Male,0,Yes,Yes,61,No,No phone service,DSL,No,No,No,No,No,No,Month-to-month,No,Electronic check,35.89,2167.75,No
7590-0271,Female,0,Yes,Yes,54,No,No phone service,No,No internet service,No internet service,No internet service,No internet service,No internet service,No internet service,Month-to-month,No,Electronic check,18.0,902.27,No
7590-0272,Male,0,No,Yes,58,No,No phone service,DSL,No,Yes,Yes,No,No,No,Month-to-month,Yes,Bank transfer (automatic),51.88,2997.28,No
7590-0273,Male,0,Yes,Yes,1,No,No phone service,Fiber optic,No,No,Yes,No,Yes,Yes,One year,No,Mailed check,76.44,57.55,No
7590-0274,Female,0,Yes,Yes,49,Yes,No,Fiber optic,Yes,No,Yes,No,No,Yes,Two year,No,Mailed check,102.76,5038.64,No
7590-0275,Male,0,Yes,No,29,No,No phone service,Fiber optic,No,Yes,No,Yes,No,No,Month-to-month,No,Bank transfer (automatic),62.42,1797.80,No
7590-0276,Male,0,Yes,Yes,24,No,No phone service,No,No internet service,No internet service,No internet service,No internet service,No internet service,No internet service,Two year,Yes,Electronic check,37.71,902.32,No
7590-0277,Male,0,Yes,Yes,48,No,No phone service,No,No internet service,No internet service,No internet service,No internet service,No internet service,No internet service,One year,No,Electronic check,23.57,1089.56,No
7590-0278,Female,0,No,No,44,No,No phone service,Fiber optic,Yes,Yes,Yes,No,Yes,No,Month-to-month,Yes,Credit card (automatic),89.93,3937.66,No
7590-0279,Female,0,No,Yes,61,No,No phone service,DSL,No,Yes,No,Yes,No,No,Month-to-month,Yes,Credit card (automatic),48.81,2995.57,Yes
7590-0280,Male,0,No,Yes,39,No,No phone service,DSL,No,Yes,No,Yes,No,Yes,Month-to-month,No,Credit card (automatic),61.76,2431.61,No
7590-0281,Female,0,Yes,Yes,66,No,No phone service,No,No internet service,No internet service,No internet service,No internet service,No internet service,No internet service,Month-to-month,Yes,Electronic check,18.0,1211.84,No
7590-0282,Male,0,Yes,No,22,No,No phone service,DSL,No,No,No,No,Yes,No,Month-to-month,No,Electronic check,51.88,1157.57,No
7590-0283,Female,0,No,No,51,No,No phone service,DSL,No,No,Yes,No,No,Yes,One year,No,Credit card (automatic),55.73,2816.88,No
7590-0284,Female,0,Yes,Yes,21,Yes,No,DSL,Yes,Yes,Yes,No,Yes,No,Month-to-month,No,Mailed check,77.8,1604.23,Yes
7590-0285,Female,0,No,No,22,No,No phone service,No,No internet service,No internet service,No internet service,No internet service,No internet service,No internet service,Month-to-month,No,Electronic check,18.0,344.89,No
7590-0286,Male,1,No,No,23,No,No phone service,Fiber optic,No,Yes,No,No,Yes,No,Month-to-month,No,Electronic check,73.98,1706.23,Yes
7590-0287,Male,0,Yes,No,50,No,No phone service,DSL,No,No,No,No,No,No,Month-to-month,No,Credit card (automatic),32.35,1564.45,No
7590-0288,Female,0,No,Yes,29,No,No phone service,DSL,No,No,Yes,No,No,Yes,Month-to-month,No,Mailed check,55.8,1614.44,No
7590-0289,Female,0,Yes,Yes,39,No,No phone service,Fiber optic,Yes,Yes,No,No,No,Yes,Two year,Yes,Bank transfer (automatic),66.65,2585.58,No
7590-0290,Male,0,No,Yes,47,No,No phone service,DSL,No,No,Yes,Yes,No,Yes,Month-to-month,Yes,Credit card (automatic),54.66,2535.28,No
7590-0291,Male,1,No,No,27,No,No phone service,DSL,No,No,Yes,No,Yes,No,Month-to-month,No,Mailed check,61.35,1643.28,Yes
7590-0292,Female,0,No,No,31,No,No phone service,Fiber optic,Yes,No,Yes,No,No,No,Month-to-month,No,Electronic check,66.21,2021.90,No
7590-0293,Male,0,Yes,Yes,48,No,No phone service,No,No internet service,No internet service,No internet service,No internet service,No internet service,No internet service,Two year,No,Electronic check,19.26,946.85,No
7590-0294,Female,0,Yes,No,58,No,No phone service,Fiber optic,No,No,Yes,No,Yes,Yes,Month-to-month,Yes,Bank transfer (automatic),76.08,4374.20,No
7590-0295,Male,0,Yes,No,31,No,No phone service,No,No internet service,No internet service,No internet service,No internet service,No internet service,No internet service,Month-to-month,Yes,Mailed check,23.57,771.83,No
7590-0296,Female,0,Yes,Yes,6,No,No phone service,DSL,No,Yes,No,Yes,Yes,Yes,Month-to-month,No,Electronic check,66.59,398.32,No
7590-0297,Female,0,Yes,Yes,65,No,No phone service,DSL,No,Yes,No,No,Yes,No,Two year,Yes,Credit card (automatic),50.02,3266.00,No
7590-0298,Male,0,No,No,9,No,No phone service,Fiber optic,No,Yes,No,No,Yes,Yes,Two year,No,Mailed check,68.6,624.81,No
7590-0299,Male,0,No,No,21,No,No phone service,No,No internet service,No internet service,No internet service,No internet service,No internet service,No internet service,Month-to-month,Yes,Bank transfer (automatic),18.0,367.65,No
7590-0300,Male,0,Yes,Yes,13,No,No phone service,Fiber optic,Yes,Yes,No,No,No,No,Month-to-month,Yes,Mailed check,67.29, ,Yes
7590-0301,Male,0,No,No,14,No,No phone service,DSL,No,No,No,No,No,Yes,Month-to-month,No,Bank transfer (automatic),53.63,734.11,No
7590-0302,Male,0,Yes,Yes,11,No,No phone service,Fiber optic,Yes,No,No,No,Yes,Yes,One year,No,Electronic check,72.95,812.33,No
7590-0303,Female,0,No,No,4,No,No phone service,Fiber optic,No,No,No,No,Yes,No,One year,Yes,Bank transfer (automatic),61.46,244.96,No
7590-0304,Male,0,No,No,27,No,No phone service,Fiber optic,Yes,No,No,Yes,No,No,Month-to-month,No,Credit card (automatic),55.85,1513.43,No
7590-0305,Female,0,No,Yes,14,No,No phone service,Fiber optic,Yes,No,Yes,No,No,No,Month-to-month,No,Electronic check,85.09,1241.06,Yes
7590-0306,Male,0,No,Yes,14,No,No phone service,Fiber optic,No,No,Yes,Yes,Yes,Yes,Two year,No,Credit card (automatic),83.97,1157.00,No
7590-0307,Male,0,Yes,Yes,61,No,No phone service,No,No internet service,No internet service,No internet service,No internet service,No internet service,No internet service,One year,No,Bank transfer (automatic),26.5,1608.41,No
7590-0308,Female,0,No,No,57,No,No phone service,Fiber optic,No,No,No,No,No,Yes,Month-to-month,No,Credit card (automatic),72.48,4181.70,No
7590-0309,Female,0,No,Yes,57,Yes,Yes,DSL,Yes,No,Yes,No,No,No,Month-to-month,No,Mailed check,58.68,3361.03,No
7590-0310,Male,0,Yes,No,51,No,No phone service,No,No internet service,No internet service,No internet service,No internet service,No internet service,No internet service,Month-to-month,No,Bank transfer (automatic),18.0,922.67,No
7590-0311,Female,0,Yes,Yes,69,No,No phone service,Fiber optic,No,No,No,Yes,No,Yes,One year,Yes,Electronic check,63.28,4349.99,Yes
7590-0312,Male,0,Yes,Yes,30,No,No phone service,Fiber optic,Yes,No,No,No,No,Yes,Two year,No,Mailed check,70.96,2148.83,No
7590-0313,Male,0,No,Yes,35,No,No phone service,DSL,Yes,No,No,No,No,No,Two year,Yes,Electronic check,42.24,1507.90,No
7590-0314,Male,1,Yes,Yes,35,No,No phone service,Fiber optic,Yes,Yes,Yes,Yes,No,Yes,Month-to-month,Yes,Electronic check,68.94,2413.39,No
7590-0315,Female,0,No,Yes,56,No,No phone service,DSL,No,No,Yes,Yes,Yes,Yes,One year,No,Bank transfer (automatic),57.97,3207.69,Yes
7590-0316,Female,0,Yes,Yes,33,No,No phone service,DSL,No,Yes,No,Yes,Yes,Yes,Month-to-month,No,Mailed check,58.47,1938.77,No
7590-0317,Male,0,Yes,Yes,3,No,No phone service,No,No internet service,No internet service,No internet service,No internet service,No internet service,No internet service,Month-to-month,No,Credit card (automatic),30.35,85.11,Yes
7590-0318,Male,1,Yes,Yes,47,No,No phone service,Fiber optic,Yes,No,No,No,No,No,Two year,Yes,Electronic check,57.38,2697.67,No
7590-0319,Male,0,Yes,Yes,26,Yes,Yes,DSL,Yes,Yes,Yes,No,Yes,Yes,One year,No,Credit card (automatic),99.56,2597.88,No
7590-0320,Male,0,No,No,13,No,No phone service,Fiber optic,No,No,Yes,No,No,No,Month-to-month,Yes,Electronic check,64.1,856.02,Yes
7590-0321,Female,0,No,No,45,No,No phone service,DSL,Yes,No,No,Yes,No,Yes,Month-to-month,No,Bank transfer (automatic),52.4,2326.24,Yes
7590-0322,Male,0,Yes,No,38,No,No phone service,No,No internet service,No internet service,No internet service,No internet service,No internet service,No internet service,One year,No,Credit card (automatic),18.0,677.42,No
7590-0323,Male,0,No,Yes,14,No,No phone service,DSL,No,Yes,No,No,No,No,One year,Yes,Bank transfer (automatic),50.71,728.63,Yes
7590-0324,Female,0,No,No,3,No,No phone service,Fiber optic,No,No,No,No,No,Yes,Month-to-month,Yes,Electronic check,58.1,163.72,No
7590-0325,Female,0,No,Yes,32,No,No phone service,DSL,No,No,No,Yes,Yes,No,Two year,Yes,Electronic check,46.07,1483.41,No
7590-0326,Male,0,Yes,Yes,51,No,No phone service,Fiber optic,Yes,No,No,Yes,No,No,One year,No,Credit card (automatic),71.67,3664.12,Yes
7590-0327,Female,1,Yes,No,55,No,No phone service,Fiber optic,No,No,No,No,No,Yes,Month-to-month,No,Mailed check,56.09,3069.99,No
7590-0328,Male,0,Yes,Yes,47,No,No phone service,DSL,No,No,No,No,No,No,Month-to-month,No,Credit card (automatic),36.28,1726.35,No
7590-0329,Male,0,No,Yes,48,Yes,Yes,Fiber optic,No,Yes,No,No,No,No,Month-to-month,Yes,Electronic check,73.24,3517.51,No
7590-0330,Female,0,Yes,No,4,No,No phone service,No,No internet service,No internet service,No internet service,No internet service,No internet service,No internet service,Two year,No,Mailed check,18.24,80.44,No
7590-0331,Male,1,No,Yes,39,No,No phone service,Fiber optic,No,No,No,No,Yes,No,Month-to-month,No,Electronic check,73.97,2838.34,No
7590-0332,Female,0,Yes,No,66,No,No phone service,No,No internet service,No internet service,No internet service,No internet service,No internet service,No internet service,One year,Yes,Credit card (automatic),25.63,1674.31,No
7590-0333,Male,0,No,Yes,2,No,No phone service,Fiber optic,No,No,Yes,Yes,No,No,One year,No,Bank transfer (automatic),56.5, ,No
7590-0334,Male,0,Yes,Yes,17,No,No phone service,Fiber optic,No,No,No,Yes,No,Yes,Month-to-month,No,Credit card (automatic),84.8,1425.23,No
7590-0335,Female,0,Yes,Yes,32,No,No phone service,Fiber optic,No,Yes,Yes,Yes,No,No,Two year,Yes,Electronic check,64.9,2061.88,No
7590-0336,Female,0,No,No,41,No,No phone service,DSL,No,Yes,No,No,Yes,No,Month-to-month,No,Credit card (automatic),70.38,2858.33,Yes
7590-0337,Female,1,Yes,No,55,No,No phone service,Fiber optic,Yes,Yes,No,No,Yes,Yes,One year,No,Bank transfer (automatic),77.81,4243.65,No
7590-0338,Male,0,No,Yes,6,No,No phone service,Fiber optic,No,Yes,Yes,Yes,No,Yes,Month-to-month,Yes,Bank transfer (automatic),82.21,507.78,Yes
7590-0339,Male,0,No,Yes,58,No,No phone service,DSL,No,No,Yes,Yes,No,No,Two year,No,Electronic check,55.41,3274.24,No
7590-0340,Male,0,No,Yes,71,No,No phone service,DSL,Yes,No,Yes,No,Yes,No,Month-to-month,Yes,Electronic check,64.03,4512.51,No
7590-0341,Male,1,No,Yes,46,No,No phone service,Fiber optic,Yes,Yes,No,Yes,Yes,Yes,Month-to-month,No,Mailed check,79.63,3658.05,No
7590-0342,Female,0,No,No,6,Yes,No,No,No internet service,No internet service,No internet service,No internet service,No internet service,No internet service,Month-to-month,Yes,Electronic check,41.99,268.86,No
7590-0343,Female,0,No,Yes,54,No,No phone service,No,No internet service,No internet service,No internet service,No internet service,No internet service,No internet service,One year,No,Credit card (automatic),19.5,1046.23,Yes
7590-0344,Female,0,No,Yes,8,No,No phone service,Fiber optic,Yes,No,No,No,No,No,Two year,No,Credit card (automatic),47.51,363.63,No
7590-0345,Male,0,Yes,Yes,66,No,No phone service,Fiber optic,No,No,No,Yes,Yes,Yes,Month-to-month,Yes,Mailed check,91.3, ,No
7590-0346,Female,1,No,Yes,4,No,No phone service,DSL,Yes,No,No,No,Yes,No,Month-to-month,Yes,Credit card (automatic),52.41,210.24,No
7590-0347,Female,0,Yes,Yes,38,No,No phone service,No,No internet service,No internet service,No internet service,No internet service,No internet service,No internet service,Month-to-month,Yes,Credit card (automatic),19.55,728.96,Yes
7590-0348,Female,0,No,No,56,No,No phone service,Fiber optic,Yes,No,No,Yes,No,No,Month-to-month,Yes,Bank transfer (automatic),68.89,3850.43,No
7590-0349,Female,1,Yes,Yes,47,No,No phone service,Fiber optic,Yes,No,No,No,Yes,No,Month-to-month,No,Mailed check,64.23,3058.50,Yes
7590-0350,Male,0,No,Yes,70,No,No phone service,Fiber optic,No,Yes,Yes,No,No,No,Two year,Yes,Bank transfer (automatic),79.64,5593.03,No
7590-0351,Male,0,Yes,Yes,50,Yes,No,Fiber optic,No,No,No,No,No,Yes,Month-to-month,No,Mailed check,86.42,4322.41,Yes
7590-0352,Female,0,Yes,Yes,46,No,No phone service,DSL,Yes,Yes,No,No,No,Yes,Month-to-month,Yes,Electronic check,66.65,3056.62,Yes
7590-0353,Male,0,Yes,Yes,14,No,No phone service,No,No internet service,No internet service,No internet service,No internet service,No internet service,No internet service,Month-to-month,No,Credit card (automatic),22.48,343.73,No
7590-0354,Female,0,Yes,Yes,24,No,No phone service,DSL,No,No,No,No,No,Yes,One year,No,Credit card (automatic),44.59,1069.44,Yes
7590-0355,Male,0,No,No,1,No,No phone service,DSL,Yes,Yes,Yes,No,No,No,One year,No,Credit card (automatic),46.42,83.90,No
7590-0356,Male,1,Yes,No,29,No,No phone service,DSL,Yes,No,No,Yes,No,No,Month-to-month,No,Mailed check,56.71,1639.01,No
7590-0357,Female,0,Yes,Yes,44,Yes,Yes,DSL,No,No,No,Yes,Yes,Yes,Two year,No,Credit card (automatic),88.2,3904.47,No
7590-0358,Female,0,Yes,Yes,25,No,No phone service,Fiber optic,No,No,No,No,Yes,No,One year,No,Mailed check,61.62,1542.89,Yes
7590-0359,Female,1,No,Yes,28,No,No phone service,DSL,No,No,Yes,No,No,No,Month-to-month,No,Electronic check,50.31,1390.62,No
7590-0360,Female,1,No,Yes,56,No,No phone service,Fiber optic,No,No,No,No,No,No,Month-to-month,Yes,Mailed check,75.2,4229.62,No
7590-0361,Male,0,Yes,Yes,9,No,No phone service,Fiber optic,No,No,No,No,No,No,One year,No,Mailed check,75.77,668.88,Yes
7590-0362,Female,0,No,Yes,36,No,No phone service,Fiber optic,No,No,No,No,No,No,Month-to-month,No,Mailed check,46.62,1670.52,No
7590-0363,Male,1,Yes,Yes,32,No,No phone service,No,No internet service,No internet service,No internet service,No internet service,No internet service,No internet service,Month-to-month,No,Credit card (automatic),18.0,576.86,No
7590-0364,Female,1,Yes,Yes,69,No,No phone service,Fiber optic,Yes,Yes,Yes,Yes,No,Yes,Two year,Yes,Credit card (automatic),82.28,5713.79,No
7590-0365,Male,1,No,Yes,43,No,No phone service,Fiber optic,No,No,No,No,Yes,No,One year,No,Electronic check,68.87,2940.92,Yes
7590-0366,Female,1,Yes,No,45,No,No phone service,DSL,No,No,Yes,No,No,Yes,Month-to-month,No,Electronic check,53.87,2411.39,Yes
7590-0367,Male,0,Yes,Yes,31,No,No phone service,No,No internet service,No internet service,No internet service,No internet service,No internet service,No internet service,Month-to-month,No,Bank transfer (automatic),18.49,561.84,No
7590-0368,Male,0,No,Yes,67,No,No phone service,DSL,Yes,Yes,Yes,No,No,Yes,Month-to-month,No,Electronic check,73.07,4910.58,No
7590-0369,Female,1,Yes,Yes,58,No,No phone service,No,No internet service,No internet service,No internet service,No internet service,No internet service,No internet service,One year,Yes,Electronic check,23.1,1319.15,No
7590-0370,Female,0,Yes,Yes,20,No,No phone service,Fiber optic,Yes,No,No,Yes,Yes,Yes,Month-to-month,No,Credit card (automatic),77.11,1588.80,Yes
7590-0371,Male,0,Yes,No,28,No,No phone service,Fiber optic,No,Yes,No,Yes,Yes,Yes,Two year,Yes,Credit card (automatic),71.08,1994.33,No
7590-0372,Female,0,No,Yes,62,No,No phone service,No,No internet service,No internet service,No internet service,No internet service,No internet service,No internet service,Month-to-month,Yes,Bank transfer (automatic),30.32,1828.13,No
7590-0373,Female,1,Yes,Yes,72,No,No phone service,Fiber optic,No,No,Yes,No,No,No,Month-to-month,No,Bank transfer (automatic),50.09,3575.41,Yes
7590-0374,Male,0,No,No,60,No,No phone service,Fiber optic,No,No,Yes,Yes,No,No,Two year,No,Credit card (automatic),65.16,3923.34,No
7590-0375,Female,0,Yes,No,27,No,No phone service,DSL,Yes,Yes,No,Yes,Yes,No,Two year,No,Bank transfer (automatic),51.76,1371.82,No
7590-0376,Female,1,Yes,No,24,No,No phone service,Fiber optic,No,No,No,No,No,Yes,Month-to-month,No,Mailed check,56.97,1370.93,No
7590-0377,Female,0,Yes,No,51,No,No phone service,DSL,Yes,Yes,No,No,No,No,Month-to-month,Yes,Electronic check,52.36,2651.92,No
7590-0378,Female,0,No,Yes,50,No,No phone service,DSL,No,Yes,No,No,No,Yes,Month-to-month,No,Bank transfer (automatic),51.64,2594.89,Yes
7590-0379,Female,0,No,Yes,0,No,No phone service,No,No internet service,No internet service,No internet service,No internet service,No internet service,No internet service,Month-to-month,Yes,Bank transfer (automatic),18.0, ,No
7590-0380,Female,0,Yes,No,53,No,No phone service,No,No internet service,No internet service,No internet service,No internet service,No internet service,No internet service,Month-to-month,Yes,Mailed check,26.32,1377.28,No
7590-0381,Male,0,No,No,3,No,No phone service,Fiber optic,No,No,No,No,Yes,Yes,Month-to-month,No,Credit card (automatic),63.65,208.53,Yes
7590-0382,Male,0,Yes,No,62,No,No phone service,Fiber optic,No,No,No,No,Yes,No,Two year,Yes,Credit card (automatic),51.29,3201.44,No
7590-0383,Female,0,Yes,No,17,No,No phone service,No,No internet service,No internet service,No internet service,No internet service,No internet service,No internet service,Month-to-month,No,Bank transfer (automatic),33.1,538.57,No
7590-0384,Female,1,No,No,66,No,No phone service,DSL,No,Yes,Yes,No,Yes,No,Month-to-month,Yes,Electronic check,68.81,4592.97,No
7590-0385,Male,0,No,Yes,30,No,No phone service,DSL,No,Yes,Yes,Yes,No,No,Month-to-month,Yes,Credit card (automatic),44.45,1350.08,No
7590-0386,Female,1,No,Yes,44,Yes,Yes,Fiber optic,Yes,Yes,Yes,No,No,No,One year,No,Credit card (automatic),87.33,3843.92,No
7590-0387,Female,0,Yes,Yes,54,No,No phone service,DSL,Yes,No,Yes,Yes,Yes,No,Two year,No,Electronic check,57.31,3089.15,No
7590-0388,Male,1,No,Yes,67,No,No phone service,Fiber optic,Yes,Yes,No,No,Yes,No,One year,No,Electronic check,75.38,5085.18,Yes
7590-0389,Female,0,No,Yes,23,No,No phone service,DSL,No,No,No,No,Yes,Yes,Two year,No,Credit card (automatic),52.04,1179.32,No
7590-0390,Female,0,Yes,Yes,69,Yes,Yes,No,No internet service,No internet service,No internet service,No internet service,No internet service,No internet service,Month-to-month,Yes,Credit card (automatic),47.33,3220.06,No
7590-0391,Male,0,Yes,Yes,54,No,No phone service,DSL,Yes,No,No,Yes,No,Yes,Month-to-month,Yes,Credit card (automatic),63.0,3360.37,No
7590-0392,Female,1,No,Yes,41,No,No phone service,Fiber optic,Yes,No,No,No,No,Yes,One year,Yes,Mailed check,60.03,2468.97,No
7590-0393,Female,0,No,Yes,53,No,No phone service,DSL,Yes,Yes,Yes,No,Yes,No,Two year,No,Bank transfer (automatic),65.29,3465.21,No
7590-0394,Female,0,No,Yes,35,No,No phone service,No,No internet service,No internet service,No internet service,No internet service,No internet service,No internet service,Month-to-month,Yes,Mailed check,18.0,577.34,No
7590-0395,Female,0,Yes,Yes,33,No,No phone service,DSL,No,Yes,Yes,Yes,No,No,One year,Yes,Electronic check,60.13,2011.97,No
7590-0396,Female,1,No,Yes,3,No,No phone service,DSL,No,Yes,No,No,No,Yes,Month-to-month,No,Credit card (automatic),38.41,126.02,No
7590-0397,Male,0,No,Yes,64,No,No phone service,Fiber optic,No,Yes,No,Yes,No,Yes,Month-to-month,Yes,Bank transfer (automatic),71.7,4555.13,No
7590-0398,Female,0,No,Yes,19,No,No phone service,Fiber optic,No,Yes,No,No,No,Yes,Month-to-month,No,Bank transfer (automatic),76.77,1503.07,No
7590-0399,Male,0,No,Yes,22,No,No phone service,Fiber optic,No,Yes,Yes,No,No,No,Two year,Yes,Bank transfer (automatic),58.14,1261.13,Yes
7590-0400,Male,0,No,Yes,9,No,No phone service,DSL,No,No,No,No,No,No,Month-to-month,No,Mailed check,41.12,381.59,No
7590-0401,Female,0,Yes,No,68,No,No phone service,Fiber optic,No,Yes,No,No,No,No,Month-to-month,Yes,Credit card (automatic),55.27,3750.46,Yes
7590-0402,Female,0,Yes,No,21,No,No phone service,Fiber optic,Yes,No,No,No,Yes,No,Month-to-month,No,Bank transfer (automatic),71.74,1540.36,Yes
7590-0403,Male,0,No,Yes,19,No,No phone service,Fiber optic,Yes,Yes,No,Yes,Yes,Yes,Month-to-month,No,Electronic check,87.34,1598.53,No
7590-0404,Male,0,Yes,No,69,Yes,No,No,No internet service,No internet service,No internet service,No internet service,No internet service,No internet service,Month-to-month,No,Bank transfer (automatic),30.1,2038.71,Yes
7590-0405,Female,0,Yes,Yes,5,Yes,Yes,Fiber optic,Yes,No,Yes,Yes,Yes,No,Month-to-month,No,Credit card (automatic),109.28,569.27,No
7590-0406,Male,0,No,Yes,50,No,No phone service,No,No internet service,No internet service,No internet service,No internet service,No internet service,No internet service,Month-to-month,No,Bank transfer (automatic),18.0,889.88,No
7590-0407,Male,0,No,No,17,No,No phone service,Fiber optic,Yes,Yes,Yes,Yes,No,No,Month-to-month,No,Bank transfer (automatic),83.97,1411.50,No
7590-0408,Male,0,Yes,Yes,27,No,No phone service,DSL,Yes,No,No,No,No,Yes,One year,No,Credit card (automatic),72.13,1992.03,No
7590-0409,Male,0,No,Yes,1,Yes,No,DSL,Yes,Yes,Yes,No,No,No,Month-to-month,No,Mailed check,69.37,34.11,Yes
7590-0410,Male,0,Yes,Yes,40,No,No phone service,DSL,No,No,No,No,No,No,Month-to-month,Yes,Electronic check,42.19,1714.86,No
7590-0411,Male,0,No,Yes,7,No,No phone service,DSL,Yes,No,No,No,No,No,Two year,No,Bank transfer (automatic),63.5,435.35,No
7590-0412,Female,0,No,Yes,27,No,No phone service,No,No internet service,No internet service,No internet service,No internet service,No internet service,No internet service,Month-to-month,Yes,Bank transfer (automatic),35.12,992.14,No
7590-0413,Male,0,No,Yes,67,No,No phone service,Fiber optic,No,No,Yes,No,No,Yes,Month-to-month,Yes,Electronic check,52.63,3549.88,No
7590-0414,Female,0,No,No,12,No,No phone service,DSL,No,No,Yes,No,No,Yes,Two year,No,Electronic check,50.07,606.21,Yes
7590-0415,Female,1,No,No,22,No,No phone service,DSL,No,No,No,No,Yes,No,Month-to-month,Yes,Electronic check,36.54,787.16,No
7590-0416,Male,0,Yes,No,45,No,No phone service,DSL,No,No,Yes,No,No,Yes,Month-to-month,Yes,Electronic check,41.37,1855.00,No
7590-0417,Female,0,No,No,37,No,No phone service,Fiber optic,No,Yes,Yes,Yes,Yes,Yes,One year,Yes,Bank transfer (automatic),77.76,2876.41,No
7590-0418,Female,0,Yes,Yes,6,No,No phone service,Fiber optic,No,Yes,Yes,Yes,Yes,Yes,One year,No,Electronic check,96.0,568.81,No
7590-0419,Female,0,Yes,No,56,No,No phone service,No,No internet service,No internet service,No internet service,No internet service,No internet service,No internet service,Two year,No,Credit card (automatic),24.7,1387.37,No
7590-0420,Male,0,No,Yes,30,No,No phone service,DSL,Yes,Yes,No,Yes,Yes,Yes,One year,No,Electronic check,79.21,2335.97,No
7590-0421,Male,0,Yes,Yes,32,No,No phone service,Fiber optic,No,No,Yes,Yes,No,Yes,Month-to-month,Yes,Credit card (automatic),79.71,2563.97,Yes
7590-0422,Male,1,No,No,54,No,No phone service,No,No internet service,No internet service,No internet service,No internet service,No internet service,No internet service,Month-to-month,Yes,Credit card (automatic),18.0,988.50,No
7590-0423,Male,0,No,No,4,Yes,No,DSL,Yes,No,No,No,No,Yes,One year,Yes,Credit card (automatic),56.68,220.31,No
7590-0424,Female,0,No,Yes,8,No,No phone service,Fiber optic,No,No,Yes,No,No,No,Month-to-month,No,Electronic check,61.02,474.52,No
7590-0425,Male,1,No,Yes,18,No,No phone service,DSL,No,Yes,No,No,No,No,Two year,No,Bank transfer (automatic),37.56,670.93,No
7590-0426,Male,0,No,Yes,36,Yes,No,DSL,No,Yes,No,Yes,No,Yes,Month-to-month,No,Electronic check,73.58,2660.53,No
7590-0427,Female,0,No,Yes,30,No,No phone service,No,No internet service,No internet service,No internet service,No internet service,No internet service,No internet service,Month-to-month,No,Credit card (automatic),18.0,545.64,No
7590-0428,Male,0,Yes,Yes,51,No,No phone service,Fiber optic,No,No,No,No,Yes,No,Two year,No,Credit card (automatic),66.47,3358.29,Yes
7590-0429,Male,0,Yes,No,30,No,No phone service,Fiber optic,Yes,Yes,Yes,Yes,Yes,No,Month-to-month,Yes,Mailed check,86.99,2612.27,No
7590-0430,Male,0,No,No,17,No,No phone service,No,No internet service,No internet service,No internet service,No internet service,No internet service,No internet service,Month-to-month,Yes,Credit card (automatic),18.0,289.10,Yes
7590-0431,Female,1,Yes,No,60,No,No phone service,Fiber optic,No,No,Yes,No,No,No,Month-to-month,No,Electronic check,54.41,3220.53,No
7590-0432,Male,0,Yes,Yes,24,No,No phone service,Fiber optic,Yes,No,Yes,No,No,No,Month-to-month,Yes,Electronic check,67.37,1607.85,No
7590-0433,Female,0,No,Yes,6,No,No phone service,No,No internet service,No internet service,No internet service,No internet service,No internet service,No internet service,Two year,No,Electronic check,18.0,123.41,No
7590-0434,Female,0,No,Yes,8,No,No phone service,DSL,No,Yes,No,No,Yes,Yes,One year,No,Credit card (automatic),54.44,447.75,No
7590-0435,Female,0,No,Yes,64,No,No phone service,Fiber optic,Yes,No,Yes,Yes,No,Yes,Two year,Yes,Bank transfer (automatic),77.11,4915.65,No
7590-0436,Female,0,Yes,Yes,35,No,No phone service,Fiber optic,Yes,No,Yes,Yes,No,No,Month-to-month,No,Bank transfer (automatic),75.98,2704.44,No
7590-0437,Female,0,Yes,Yes,42,No,No phone service,DSL,Yes,No,No,No,Yes,No,One year,No,Credit card (automatic),56.02,2339.97,No
7590-0438,Male,0,Yes,No,68,No,No phone service,Fiber optic,No,No,No,Yes,Yes,No,Month-to-month,No,Electronic check,70.09,4769.47,No
7590-0439,Female,0,Yes,No,58,No,No phone service,Fiber optic,No,No,Yes,No,No,Yes,Two year,No,Electronic check,56.51,3258.32,No
7590-0440,Female,0,Yes,No,43,No,No phone service,Fiber optic,Yes,No,No,No,No,No,Month-to-month,No,Credit card (automatic),64.64,2803.97,No
7590-0441,Female,0,Yes,Yes,36,No,No phone service,No,No internet service,No internet service,No internet service,No internet service,No internet service,No internet service,One year,No,Credit card (automatic),18.61,625.73,No
7590-0442,Male,1,No,Yes,70,No,No phone service,Fiber optic,Yes,No,No,No,No,No,One year,No,Electronic check,56.0,3941.71,Yes
7590-0443,Female,0,No,Yes,6,Yes,No,DSL,No,No,Yes,Yes,Yes,Yes,One year,Yes,Mailed check,91.34,578.95,No
7590-0444,Female,0,No,No,22,Yes,Yes,DSL,No,No,No,Yes,No,No,Month-to-month,Yes,Bank transfer (automatic),64.53,1386.31,Yes
7590-0445,Male,0,Yes,Yes,72,No,No phone service,Fiber optic,No,No,Yes,Yes,No,Yes,Month-to-month,Yes,Electronic check,75.07,5428.43,Yes
7590-0446,Female,0,Yes,Yes,0,No,No phone service,No,No internet service,No internet service,No internet service,No internet service,No internet service,No internet service,Month-to-month,No,Credit card (automatic),18.0, ,No
7590-0447,Female,0,Yes,No,9,No,No phone service,Fiber optic,Yes,Yes,Yes,No,Yes,Yes,Two year,Yes,Mailed check,96.89,900.13,Yes
7590-0448,Male,0,No,No,31,No,No phone service,Fiber optic,No,No,No,No,No,No,Two year,Yes,Electronic check,57.07,1786.06,No
7590-0449,Female,1,No,No,40,No,No phone service,Fiber optic,No,No,Yes,No,Yes,Yes,One year,No,Credit card (automatic),74.4,2997.75,No
7590-0450,Male,0,Yes,Yes,62,No,No phone service,Fiber optic,No,Yes,No,No,No,No,One year,No,Electronic check,79.75,4955.61,No
7590-0451,Female,0,No,Yes,65,No,No phone service,DSL,No,No,Yes,No,No,No,Month-to-month,Yes,Electronic check,47.6,3087.63,No
7590-0452,Female,1,No,Yes,31,No,No phone service,Fiber optic,Yes,No,No,No,No,No,Two year,Yes,Credit card (automatic),64.36,2020.56,Yes
7590-0453,Female,0,No,Yes,59,No,No phone service,Fiber optic,No,No,Yes,Yes,Yes,No,Month-to-month,Yes,Mailed check,66.44,3933.06,No
7590-0454,Male,0,Yes,Yes,4,No,No phone service,No,No internet service,No internet service,No internet service,No internet service,No internet service,No internet service,One year,No,Credit card (automatic),18.0, ,Yes
7590-0455,Male,0,No,No,7,No,No phone service,Fiber optic,No,No,Yes,Yes,No,Yes,Two year,No,Mailed check,76.54,499.04,No
7590-0456,Male,0,No,Yes,6,No,No phone service,Fiber optic,No,No,No,Yes,No,Yes,Month-to-month,No,Bank transfer (automatic),63.47,404.07,No
7590-0457,Male,0,Yes,Yes,33,No,No phone service,No,No internet service,No internet service,No internet service,No internet service,No internet service,No internet service,Two year,Yes,Mailed check,44.3,1458.37,No
7590-0458,Female,0,Yes,Yes,55,No,No phone service,No,No internet service,No internet service,No internet service,No internet service,No internet service,No internet service,Two year,No,Credit card (automatic),18.0,981.26,No
7590-0459,Male,1,Yes,Yes,12,No,No phone service,DSL,Yes,Yes,No,No,No,Yes,Two year,No,Credit card (automatic),67.5,842.23,No
7590-0460,Male,0,Yes,Yes,56,Yes,Yes,Fiber optic,No,No,No,No,No,No,Month-to-month,No,Bank transfer (automatic),79.73,4511.84,Yes
7590-0461,Male,0,No,Yes,59,No,No phone service,DSL,No,Yes,Yes,No,Yes,No,Two year,Yes,Electronic check,45.08,2661.82,No
7590-0462,Female,0,No,Yes,50,No,No phone service,Fiber optic,Yes,No,No,No,No,Yes,Month-to-month,No,Mailed check,72.61,3653.60,Yes
7590-0463,Female,1,No,No,69,No,No phone service,DSL,Yes,No,No,Yes,No,Yes,Month-to-month,No,Electronic check,54.98,3800.38,Yes
7590-0464,Female,0,Yes,Yes,22,No,No phone service,Fiber optic,No,Yes,No,Yes,No,No,Two year,Yes,Electronic check,70.57,1523.50,Yes
7590-0465,Female,0,No,No,61,No,No phone service,Fiber optic,No,No,No,No,No,No,Month-to-month,No,Mailed check,52.38,3227.82,No
7590-0466,Female,0,No,Yes,24,No,No phone service,No,No internet service,No internet service,No internet service,No internet service,No internet service,No internet service,One year,No,Credit card (automatic),21.68, ,Yes
7590-0467,Male,1,No,Yes,15,No,No phone service,Fiber optic,Yes,No,No,No,Yes,No,Two year,Yes,Electronic check,80.21,1194.88,No
7590-0468,Male,0,Yes,Yes,53,No,No phone service,Fiber optic,No,No,No,No,No,Yes,Two year,No,Credit card (automatic),65.52,3497.69,No
7590-0469,Female,1,No,Yes,71,No,No phone service,Fiber optic,No,No,Yes,No,No,Yes,Month-to-month,No,Bank transfer (automatic),61.14,4326.16,No
7590-0470,Female,1,No,No,17,No,No phone service,DSL,No,Yes,Yes,No,Yes,Yes,Month-to-month,Yes,Credit card (automatic),65.29,1071.97,No
7590-0471,Male,0,No,Yes,21,No,No phone service,Fiber optic,No,No,No,No,No,No,Month-to-month,No,Credit card (automatic),51.97,1066.03,Yes
7590-0472,Female,0,No,No,15,No,No phone service,Fiber optic,No,No,No,No,Yes,No,One year,No,Mailed check,71.86,1085.23,No
7590-0473,Female,0,No,No,48,No,No phone service,DSL,No,Yes,No,No,No,No,Month-to-month,No,Electronic check,43.72,2111.86,No
7590-0474,Male,0,No,Yes,51,No,No phone service,Fiber optic,No,Yes,No,Yes,Yes,No,Month-to-month,Yes,Electronic check,77.87,3986.59,No
7590-0475,Female,0,Yes,Yes,70,No,No phone service,DSL,No,Yes,No,Yes,No,No,Month-to-month,No,Bank transfer (automatic),46.69,3269.50,Yes
7590-0476,Female,0,No,Yes,65,No,No phone service,Fiber optic,No,No,No,Yes,Yes,Yes,Two year,No,Credit card (automatic),96.63,6286.13,No
7590-0477,Female,0,Yes,Yes,5,No,No phone service,No,No internet service,No internet service,No internet service,No internet service,No internet service,No internet service,Month-to-month,No,Bank transfer (automatic),18.56,31.60,No
7590-0478,Female,0,Yes,No,32,No,No phone service,Fiber optic,No,No,Yes,Yes,Yes,No,Month-to-month,No,Electronic check,85.44,2718.03,No
7590-0479,Male,0,No,No,27,No,No phone service,Fiber optic,No,No,Yes,Yes,No,Yes,Two year,No,Credit card (automatic),65.61,1750.76,No
7590-0480,Female,0,Yes,Yes,14,No,No phone service,No,No internet service,No internet service,No internet service,No internet service,No internet service,No internet service,Two year,No,Bank transfer (automatic),22.79,294.67,No
7590-0481,Male,0,No,Yes,41,No,No phone service,Fiber optic,Yes,No,No,Yes,No,No,Two year,No,Mailed check,77.21,3105.34,No
7590-0482,Female,0,No,Yes,0,No,No phone service,Fiber optic,No,No,No,Yes,No,Yes,Month-to-month,Yes,Mailed check,76.77, ,Yes
7590-0483,Female,0,No,Yes,32,No,No phone service,No,No internet service,No internet service,No internet service,No internet service,No internet service,No internet service,Month-to-month,Yes,Bank transfer (automatic),18.0,576.75,Yes
7590-0484,Female,0,No,Yes,17,No,No phone service,DSL,No,No,No,Yes,Yes,No,Month-to-month,No,Electronic check,56.63,966.17,No
7590-0485,Male,0,Yes,No,28,Yes,Yes,Fiber optic,Yes,No,No,No,Yes,Yes,Month-to-month,No,Bank transfer (automatic),91.22,2556.01,No
7590-0486,Female,0,Yes,Yes,32,No,No phone service,DSL,No,No,Yes,No,Yes,Yes,Month-to-month,Yes,Electronic check,56.92,1862.91,No
7590-0487,Female,0,No,No,69,No,No phone service,Fiber optic,Yes,No,No,No,No,No,Month-to-month,No,Bank transfer (automatic),54.3,3776.66,No
7590-0488,Female,0,Yes,No,35,No,No phone service,Fiber optic,No,No,Yes,Yes,No,No,Month-to-month,No,Electronic check,60.11,2086.79,Yes
7590-0489,Male,0,No,Yes,29,No,No phone service,No,No internet service,No internet service,No internet service,No internet service,No internet service,No internet service,Month-to-month,No,Credit card (automatic),18.0,542.85,Yes
7590-0490,Female,0,Yes,Yes,35,No,No phone service,Fiber optic,No,Yes,Yes,No,No,No,Month-to-month,Yes,Bank transfer (automatic),67.8,2364.26,No
7590-0491,Male,1,No,No,59,No,No phone service,No,No internet service,No internet service,No internet service,No internet service,No internet service,No internet service,Month-to-month,Yes,Bank transfer (automatic),24.69,1392.56,No
7590-0492,Male,1,No,No,69,No,No phone service,DSL,No,No,No,No,Yes,Yes,Two year,No,Electronic check,52.44,3605.33,No
7590-0493,Female,0,No,No,8,No,No phone service,DSL,No,No,No,No,Yes,Yes,Month-to-month,Yes,Bank transfer (automatic),56.96,452.72,Yes
7590-0494,Male,0,No,Yes,72,No,No phone service,No,No internet service,No internet service,No internet service,No internet service,No internet service,No internet service,Month-to-month,No,Credit card (automatic),31.43,2204.36,No
7590-0495,Male,1,No,No,21,No,No phone service,No,No internet service,No internet service,No internet service,No internet service,No internet service,No internet service,Month-to-month,No,Electronic check,18.0,382.55,No
7590-0496,Female,1,Yes,Yes,68,No,No phone service,DSL,No,No,No,Yes,No,No,Two year,Yes,Electronic check,50.76,3431.99,No
7590-0497,Male,0,Yes,No,5,Yes,No,DSL,Yes,Yes,No,Yes,No,No,Month-to-month,Yes,Credit card (automatic),60.2,269.92,Yes
7590-0498,Female,0,No,Yes,41,No,No phone service,Fiber optic,Yes,No,No,No,No,No,Month-to-month,No,Credit card (automatic),67.34,2752.55,Yes
7590-0499,Male,0,No,Yes,69,No,No phone service,Fiber optic,Yes,No,No,Yes,No,No,Two year,No,Mailed check,77.39,5365.60,No
7590-0500,Male,0,No,No,21,No,No phone service,No,No internet service,No internet service,No internet service,No internet service,No internet service,No internet service,One year,Yes,Credit card (automatic),25.19,513.79,No
7590-0501,Female,0,No,Yes,54,No,No phone service,Fiber optic,No,No,Yes,No,No,Yes,One year,No,Mailed check,61.7,3332.89,No
7590-0502,Female,0,Yes,Yes,49,No,No phone service,DSL,No,Yes,Yes,No,No,No,Month-to-month,Yes,Credit card (automatic),38.88,1872.82,No
7590-0503,Female,1,No,Yes,37,No,No phone service,Fiber optic,Yes,No,Yes,No,Yes,No,One year,Yes,Credit card (automatic),76.8,2889.66,No
7590-0504,Male,0,Yes,No,54,No,No phone service,Fiber optic,No,No,No,Yes,No,No,One year,Yes,Credit card (automatic),73.99,3969.72,Yes
7590-0505,Female,0,Yes,Yes,62,No,No phone service,DSL,Yes,No,No,Yes,No,No,Month-to-month,No,Credit card (automatic),50.15,3112.48,No
7590-0506,Female,0,No,No,61,No,No phone service,No,No internet service,No internet service,No internet service,No internet service,No internet service,No internet service,Month-to-month,Yes,Mailed check,18.0,1100.44,No
7590-0507,Female,0,No,Yes,59,No,No phone service,DSL,No,No,Yes,No,Yes,No,Two year,No,Credit card (automatic),48.11,2823.13,No
7590-0508,Female,1,No,Yes,45,No,No phone service,Fiber optic,Yes,No,No,No,Yes,Yes,One year,No,Credit card (automatic),61.69,2769.33,No
7590-0509,Female,0,Yes,Yes,56,No,No phone service,DSL,No,Yes,Yes,No,No,No,Month-to-month,No,Electronic check,67.42,3763.75,No
7590-0510,Female,1,Yes,Yes,53,No,No phone service,Fiber optic,No,Yes,Yes,No,Yes,No,Month-to-month,Yes,Bank transfer (automatic),86.52,4606.57,No
7590-0511,Female,0,Yes,Yes,71,No,No phone service,Fiber optic,No,No,No,No,Yes,Yes,Month-to-month,No,Electronic check,78.35,5556.72,No
7590-0512,Male,0,Yes,Yes,55,No,No phone service,No,No internet service,No internet service,No internet service,No internet service,No internet service,No internet service,Two year,Yes,Mailed check,20.87,1140.25,No
7590-0513,Female,0,Yes,No,3,No,No phone service,DSL,Yes,No,No,No,Yes,Yes,Month-to-month,Yes,Electronic check,54.08,126.00,Yes
7590-0514,Male,0,Yes,Yes,17,No,No phone service,No,No internet service,No internet service,No internet service,No internet service,No internet service,No internet service,Month-to-month,No,Electronic check,18.0,361.77,No
7590-0515,Male,0,No,Yes,38,No,No phone service,Fiber optic,No,Yes,No,Yes,Yes,No,Month-to-month,No,Credit card (automatic),75.75,2927.71,Yes
7590-0516,Female,0,No,Yes,20,No,No phone service,DSL,No,Yes,Yes,No,No,Yes,One year,No,Bank transfer (automatic),50.95,1051.25,No
7590-0517,Male,0,No,Yes,70,No,No phone service,Fiber optic,No,Yes,No,No,No,Yes,Two year,No,Mailed check,61.34,4247.14,No
7590-0518,Male,1,No,Yes,8,Yes,Yes,DSL,No,No,Yes,No,No,No,One year,No,Electronic check,69.04,507.60,Yes
7590-0519,Male,0,No,Yes,19,Yes,No,DSL,No,No,Yes,Yes,Yes,No,Month-to-month,No,Mailed check,85.04,1597.48,No
7590-0520,Male,0,Yes,No,56,No,No phone service,Fiber optic,Yes,Yes,Yes,No,Yes,Yes,Month-to-month,No,Electronic check,79.49,4444.26,No
7590-0521,Male,0,Yes,Yes,26,No,No phone service,DSL,Yes,No,No,Yes,No,No,One year,No,Credit card (automatic),49.36,1311.68,No
7590-0522,Male,1,No,Yes,46,No,No phone service,Fiber optic,No,Yes,Yes,Yes,No,No,Month-to-month,No,Electronic check,67.06,3060.27,No
7590-0523,Male,0,No,Yes,39,No,No phone service,Fiber optic,Yes,No,No,No,Yes,Yes,Two year,Yes,Bank transfer (automatic),75.63,2936.45,No
7590-0524,Male,0,Yes,Yes,32,No,No phone service,DSL,No,No,No,Yes,No,No,Month-to-month,No,Electronic check,35.32,1111.91,Yes
7590-0525,Male,0,Yes,No,64,No,No phone service,No,No internet service,No internet service,No internet service,No internet service,No internet service,No internet service,Month-to-month,No,Electronic check,25.52,1588.71,Yes
7590-0526,Male,0,Yes,Yes,36,No,No phone service,DSL,No,Yes,No,Yes,No,Yes,One year,Yes,Electronic check,53.63,1928.59,No
7590-0527,Female,0,No,Yes,41,No,No phone service,DSL,Yes,Yes,No,No,Yes,Yes,Month-to-month,Yes,Electronic check,63.58,2617.60,Yes
7590-0528,Male,0,Yes,No,1,No,No phone service,Fiber optic,No,Yes,No,No,No,No,Month-to-month,No,Credit card (automatic),64.3,40.01,No
7590-0529,Male,0,No,Yes,21,No,No phone service,Fiber optic,No,Yes,No,No,No,Yes,Two year,No,Bank transfer (automatic),76.51,1584.10,No
7590-0530,Female,0,Yes,No,45,No,No phone service,DSL,No,No,Yes,No,No,Yes,Month-to-month,No,Electronic check,61.89,2817.74,Yes
7590-0531,Female,0,No,Yes,47,No,No phone service,Fiber optic,No,No,No,Yes,No,Yes,Month-to-month,No,Mailed check,72.02,3356.17,No
7590-0532,Female,0,No,No,59,No,No phone service,Fiber optic,Yes,Yes,Yes,Yes,Yes,Yes,Two year,No,Electronic check,84.22,4949.89,No
7590-0533,Male,0,No,Yes,32,No,No phone service,DSL,Yes,No,No,No,No,No,Month-to-month,No,Bank transfer (automatic),41.01,1356.81,Yes
7590-0534,Male,0,No,Yes,64,No,No phone service,DSL,No,No,Yes,Yes,No,Yes,Month-to-month,Yes,Credit card (automatic),52.34,3324.66,No
7590-0535,Male,0,Yes,Yes,67,No,No phone service,Fiber optic,No,Yes,Yes,No,Yes,No,Month-to-month,No,Electronic check,76.45,5120.13,Yes
7590-0536,Female,0,Yes,Yes,29,No,No phone service,DSL,No,No,No,No,Yes,No,Two year,No,Electronic check,38.11,1089.44,No
7590-0537,Male,0,Yes,Yes,65,No,No phone service,Fiber optic,No,No,Yes,Yes,Yes,No,Two year,No,Bank transfer (automatic),75.13,4850.44,No
7590-0538,Male,1,No,Yes,9,No,No phone service,Fiber optic,No,Yes,No,No,No,No,Month-to-month,No,Electronic check,68.48,634.00,Yes
7590-0539,Female,1,No,Yes,50,No,No phone service,Fiber optic,No,No,Yes,No,Yes,Yes,Two year,No,Electronic check,86.34,4364.68,No
7590-0540,Female,0,No,Yes,2,No,No phone service,DSL,Yes,No,Yes,No,No,Yes,Month-to-month,No,Mailed check,51.66,87.48,Yes
7590-0541,Female,0,No,Yes,27,No,No phone service,Fiber optic,No,Yes,No,Yes,Yes,Yes,Month-to-month,No,Electronic check,67.96,1804.30,Yes
7590-0542,Male,1,No,Yes,12,No,No phone service,Fiber optic,Yes,No,No,No,No,No,One year,No,Bank transfer (automatic),71.74,873.74,No
7590-0543,Male,0,Yes,No,59,No,No phone service,No,No internet service,No internet service,No internet service,No internet service,No internet service,No internet service,One year,Yes,Electronic check,28.05,1684.41,No
7590-0544,Male,0,Yes,Yes,22,No,No phone service,DSL,Yes,No,No,No,Yes,Yes,Two year,Yes,Mailed check,65.13,1438.65,No
7590-0545,Male,0,No,Yes,20,No,No phone service,DSL,No,No,No,No,No,Yes,Month-to-month,Yes,Bank transfer (automatic),52.16,1064.29,No
7590-0546,Female,0,Yes,Yes,1,No,No phone service,Fiber optic,No,No,Yes,No,No,Yes,Month-to-month,Yes,Credit card (automatic),77.81,59.47,Yes
7590-0547,Male,1,Yes,Yes,71,No,No phone service,No,No internet service,No internet service,No internet service,No internet service,No internet service,No internet service,Month-to-month,Yes,Mailed check,18.0,1283.70,Yes
7590-0548,Male,0,Yes,Yes,67,Yes,No,DSL,Yes,Yes,Yes,No,Yes,No,One year,No,Mailed check,78.62,5301.89,No
7590-0549,Female,1,Yes,Yes,37,No,No phone service,DSL,Yes,No,Yes,No,No,No,Month-to-month,No,Mailed check,33.81,1250.52,No
7590-0550,Female,0,Yes,Yes,56,No,No phone service,Fiber optic,No,Yes,Yes,No,No,No,Two year,No,Mailed check,70.43,3922.74,No
7590-0551,Female,1,No,No,1,No,No phone service,Fiber optic,No,Yes,No,No,Yes,Yes,Month-to-month,Yes,Credit card (automatic),79.37,143.11,No
7590-0552,Male,0,Yes,No,67,No,No phone service,Fiber optic,No,No,No,Yes,No,Yes,Month-to-month,Yes,Mailed check,55.66,3729.84,No
7590-0553,Female,1,Yes,Yes,59,No,No phone service,DSL,Yes,No,Yes,No,No,No,Two year,Yes,Mailed check,49.04,2887.02,No
7590-0554,Male,0,No,No,46,No,No phone service,DSL,No,Yes,Yes,Yes,Yes,No,Month-to-month,No,Bank transfer (automatic),71.26,3258.68,No
7590-0555,Female,0,Yes,No,38,No,No phone service,DSL,No,Yes,No,No,No,Yes,Month-to-month,No,Electronic check,53.04,2025.57,Yes
7590-0556,Female,0,No,Yes,59,No,No phone service,Fiber optic,No,No,No,No,No,Yes,Two year,Yes,Electronic check,59.87,3539.53,No
7590-0557,Male,1,Yes,Yes,62,Yes,Yes,Fiber optic,Yes,No,No,No,No,No,One year,No,Credit card (automatic),102.9,6392.09,No
7590-0558,Female,0,Yes,Yes,69,No,No phone service,No,No internet service,No internet service,No internet service,No internet service,No internet service,No internet service,Month-to-month,Yes,Bank transfer (automatic),18.89,1267.75,No
7590-0559,Female,0,Yes,Yes,44,No,No phone service,Fiber optic,No,Yes,No,Yes,Yes,Yes,Month-to-month,No,Electronic check,75.9,3308.30,No
7590-0560,Female,0,No,Yes,53,No,No phone service,Fiber optic,Yes,No,No,No,No,No,Two year,Yes,Electronic check,66.18,3503.93,No
7590-0561,Male,0,Yes,Yes,42,No,No phone service,No,No internet service,No internet service,No internet service,No internet service,No internet service,No internet service,Month-to-month,No,Credit card (automatic),36.74,1554.32,No
7590-0562,Female,0,No,Yes,15,No,No phone service,Fiber optic,Yes,Yes,No,No,No,Yes,One year,No,Electronic check,67.8,1093.02,No
7590-0563,Male,0,Yes,No,23,No,No phone service,Fiber optic,Yes,No,Yes,Yes,No,No,One year,Yes,Credit card (automatic),69.53,1628.68,No
7590-0564,Female,1,No,Yes,32,No,No phone service,No,No internet service,No internet service,No internet service,No internet service,No internet service,No internet service,Month-to-month,Yes,Electronic check,23.49,756.83,No
7590-0565,Female,0,No,Yes,28,No,No phone service,DSL,No,Yes,Yes,No,Yes,No,Month-to-month,No,Credit card (automatic),51.66, ,No
7590-0566,Female,1,No,Yes,42,No,No phone service,Fiber optic,No,No,No,No,No,Yes,Month-to-month,No,Electronic check,57.42,2427.28,Yes
7590-0567,Female,0,No,No,66,Yes,No,No,No internet service,No internet service,No internet service,No internet service,No internet service,No internet service,Two year,Yes,Electronic check,36.79,2425.91,No
7590-0568,Female,0,Yes,Yes,69,No,No phone service,Fiber optic,No,No,No,Yes,No,No,Month-to-month,Yes,Electronic check,61.32,4254.02,No
7590-0569,Female,0,No,No,2,No,No phone service,DSL,No,No,No,Yes,No,Yes,Month-to-month,Yes,Electronic check,54.44,72.70,Yes
7590-0570,Male,0,Yes,Yes,51,Yes,No,DSL,No,No,No,Yes,No,Yes,Month-to-month,Yes,Electronic check,60.42,3076.22,Yes
7590-0571,Male,1,No,No,57,No,No phone service,No,No internet service,No internet service,No internet service,No internet service,No internet service,No internet service,Month-to-month,No,Credit card (automatic),18.0,1046.65,No
7590-0572,Female,0,Yes,Yes,57,No,No phone service,DSL,No,No,No,Yes,No,No,One year,No,Electronic check,39.78,2246.82,No
7590-0573,Female,0,No,Yes,65,No,No phone service,No,No internet service,No internet service,No internet service,No internet service,No internet service,No internet service,Month-to-month,No,Mailed check,21.54,1409.42,No
7590-0574,Male,0,No,Yes,52,No,No phone service,DSL,Yes,No,Yes,No,No,Yes,One year,Yes,Credit card (automatic),58.5,3027.46,No
7590-0575,Female,1,No,Yes,9,No,No phone service,Fiber optic,No,Yes,Yes,Yes,Yes,Yes,Month-to-month,No,Mailed check,89.11,799.98,No
7590-0576,Female,0,No,Yes,54,No,No phone service,DSL,No,No,No,No,Yes,Yes,Two year,No,Credit card (automatic),60.11,3276.59,No
7590-0577,Female,0,Yes,No,2,No,No phone service,Fiber optic,No,Yes,No,Yes,No,Yes,Month-to-month,No,Credit card (automatic),68.23,112.02,No
7590-0578,Male,0,No,Yes,27,No,No phone service,Fiber optic,No,Yes,Yes,No,No,No,Month-to-month,Yes,Electronic check,77.39,2091.93,No
7590-0579,Female,0,Yes,No,15,No,No phone service,Fiber optic,No,No,No,No,Yes,Yes,Month-to-month,Yes,Bank transfer (automatic),71.16,1034.75,Yes
7590-0580,Female,1,No,Yes,26,No,No phone service,No,No internet service,No internet service,No internet service,No internet service,No internet service,No internet service,Month-to-month,No,Mailed check,18.0,471.03,Yes
7590-0581,Male,0,No,No,40,No,No phone service,No,No internet service,No internet service,No internet service,No internet service,No internet service,No internet service,Month-to-month,No,Mailed check,32.8,1266.64,No
7590-0582,Female,0,Yes,Yes,43,Yes,No,Fiber optic,No,No,No,No,Yes,No,Month-to-month,No,Electronic check,72.82,3120.96,No
7590-0583,Male,1,Yes,Yes,47,No,No phone service,Fiber optic,No,Yes,No,No,Yes,No,Month-to-month,No,Electronic check,64.57,3053.78,Yes
7590-0584,Female,1,No,Yes,51,No,No phone service,Fiber optic,Yes,Yes,Yes,Yes,Yes,No,Month-to-month,Yes,Bank transfer (automatic),84.33,4288.06,No
7590-0585,Female,0,No,Yes,10,No,No phone service,Fiber optic,No,Yes,No,Yes,No,No,Month-to-month,No,Bank transfer (automatic),83.77,867.95,No
7590-0586,Female,0,Yes,Yes,21,No,No phone service,DSL,Yes,No,Yes,Yes,Yes,No,Month-to-month,Yes,Electronic check,61.87,1291.45,Yes
7590-0587,Female,0,No,Yes,70,No,No phone service,DSL,No,No,Yes,No,No,No,Two year,No,Mailed check,39.77,2767.42,No
7590-0588,Female,0,Yes,Yes,35,No,No phone service,DSL,No,Yes,No,Yes,No,No,One year,No,Mailed check,64.04,2313.97,No
7590-0589,Male,1,No,Yes,6,No,No phone service,DSL,Yes,No,No,Yes,Yes,Yes,One year,Yes,Credit card (automatic),69.68,423.40,No
7590-0590,Male,1,No,Yes,12,No,No phone service,Fiber optic,No,No,Yes,No,Yes,Yes,Month-to-month,No,Bank transfer (automatic),62.71,799.75,No
7590-0591,Male,0,Yes,No,62,No,No phone service,Fiber optic,No,No,No,Yes,Yes,No,Two year,Yes,Mailed check,51.57,3206.73,No
7590-0592,Male,0,No,Yes,5,No,No phone service,Fiber optic,No,Yes,No,No,Yes,No,Month-to-month,No,Mailed check,69.48,372.26,No
7590-0593,Female,0,No,No,14,No,No phone service,Fiber optic,Yes,Yes,No,Yes,No,No,Month-to-month,No,Credit card (automatic),92.86,1329.39,No
7590-0594,Female,0,Yes,Yes,7,No,No phone service,No,No internet service,No internet service,No internet service,No internet service,No internet service,No internet service,Month-to-month,No,Mailed check,18.0,70.94,No
7590-0595,Male,0,Yes,Yes,0,No,No phone service,DSL,No,No,No,Yes,No,No,One year,Yes,Mailed check,64.2, ,Yes
7590-0596,Female,0,Yes,Yes,5,No,No phone service,DSL,No,No,No,Yes,No,Yes,Month-to-month,No,Credit card (automatic),45.47,243.08,Yes
7590-0597,Female,0,No,Yes,52,No,No phone service,DSL,Yes,Yes,Yes,Yes,No,Yes,Two year,No,Electronic check,70.45,3649.22,No
7590-0598,Female,0,Yes,Yes,31,No,No phone service,Fiber optic,Yes,Yes,No,No,No,No,Month-to-month,Yes,Mailed check,58.76,1768.22,No
7590-0599,Male,0,Yes,Yes,71,No,No phone service,DSL,Yes,Yes,No,Yes,No,No,Two year,No,Electronic check,46.41,3346.49,No
7590-0600,Male,0,No,Yes,63,No,No phone service,Fiber optic,Yes,No,No,Yes,No,Yes,Month-to-month,Yes,Bank transfer (automatic),65.29,4105.07,No
7590-0601,Female,0,Yes,Yes,18,No,No phone service,DSL,Yes,Yes,No,No,Yes,Yes,Month-to-month,Yes,Bank transfer (automatic),49.61,893.28,Yes
7590-0602,Male,0,No,Yes,15,No,No phone service,DSL,Yes,No,No,No,No,No,Month-to-month,No,Credit card (automatic),43.51,664.61,No
7590-0603,Female,0,No,Yes,28,Yes,No,Fiber optic,No,No,No,No,No,No,Month-to-month,No,Mailed check,67.95,1912.86,No
7590-0604,Male,1,No,Yes,58,No,No phone service,Fiber optic,No,No,No,No,No,Yes,One year,Yes,Bank transfer (automatic),53.94,3132.65,No
7590-0605,Female,0,Yes,Yes,47,No,No phone service,Fiber optic,No,No,Yes,Yes,Yes,No,Month-to-month,No,Bank transfer (automatic),78.43,3724.12,No
7590-0606,Female,0,No,No,0,No,No phone service,Fiber optic,No,Yes,Yes,Yes,No,No,Two year,Yes,Electronic check,79.39, ,No
7590-0607,Female,0,Yes,No,72,No,No phone service,No,No internet service,No internet service,No internet service,No internet service,No internet service,No internet service,Month-to-month,Yes,Mailed check,21.84,1584.56,Yes
7590-0608,Female,0,Yes,No,56,No,No phone service,No,No internet service,No internet service,No internet service,No internet service,No internet service,No internet service,Month-to-month,No,Bank transfer (automatic),28.98,1603.59,Yes
7590-0609,Female,0,No,Yes,19,No,No phone service,DSL,No,No,No,No,No,No,Month-to-month,No,Bank transfer (automatic),42.92,829.34,No
7590-0610,Female,0,Yes,Yes,57,Yes,No,DSL,No,Yes,Yes,Yes,Yes,Yes,Month-to-month,No,Electronic check,86.4,4887.27,Yes
7590-0611,Female,0,Yes,Yes,22,No,No phone service,DSL,No,No,No,Yes,No,No,Two year,No,Credit card (automatic),44.26,996.83,No
7590-0612,Female,0,No,No,44,No,No phone service,DSL,No,No,Yes,No,No,No,Month-to-month,Yes,Electronic check,43.16,1894.57,Yes
7590-0613,Female,0,No,No,35,No,No phone service,Fiber optic,No,No,No,Yes,No,Yes,One year,Yes,Bank transfer (automatic),62.11,2140.61,No
7590-0614,Female,0,No,No,9,No,No phone service,DSL,Yes,No,No,No,Yes,Yes,Month-to-month,No,Electronic check,72.92,658.31,No
7590-0615,Female,0,No,Yes,72,Yes,No,DSL,Yes,Yes,No,Yes,No,No,Month-to-month,Yes,Electronic check,76.29,5466.99,Yes
7590-0616,Male,0,Yes,Yes,29,No,No phone service,No,No internet service,No internet service,No internet service,No internet service,No internet service,No internet service,Month-to-month,Yes,Electronic check,34.41,970.72,No
7590-0617,Male,0,Yes,Yes,24,Yes,No,Fiber optic,Yes,Yes,Yes,Yes,No,Yes,Month-to-month,Yes,Credit card (automatic),118.27,2813.36,No
7590-0618,Male,1,No,Yes,39,No,No phone service,DSL,Yes,No,No,No,No,No,Month-to-month,No,Electronic check,60.35,2336.85,Yes
7590-0619,Female,0,No,Yes,50,No,No phone service,DSL,Yes,No,Yes,Yes,Yes,No,Month-to-month,No,Electronic check,63.32,3171.76,Yes
7590-0620,Male,0,Yes,Yes,70,No,No phone service,DSL,No,No,No,No,No,No,Two year,Yes,Electronic check,43.18,3010.76,No
7590-0621,Male,0,No,Yes,40,No,No phone service,DSL,Yes,Yes,Yes,No,Yes,Yes,Month-to-month,No,Credit card (automatic),69.84,2796.08,Yes
7590-0622,Male,0,Yes,Yes,46,No,No phone service,DSL,No,No,No,Yes,No,No,Two year,Yes,Mailed check,37.17,1661.53,No
7590-0623,Male,0,Yes,Yes,5,No,No phone service,Fiber optic,No,No,No,Yes,Yes,No,Two year,No,Electronic check,62.33,316.07,No
7590-0624,Female,0,Yes,Yes,0,No,No phone service,Fiber optic,No,No,Yes,No,Yes,Yes,Month-to-month,No,Credit card (automatic),87.9, ,No
7590-0625,Female,0,No,Yes,1,No,No phone service,DSL,Yes,Yes,Yes,No,No,Yes,Two year,Yes,Credit card (automatic),50.78,86.41,No
7590-0626,Female,0,No,Yes,23,No,No phone service,DSL,No,Yes,Yes,Yes,Yes,Yes,Month-to-month,No,Bank transfer (automatic),68.24,1554.85,No
7590-0627,Male,0,Yes,Yes,32,No,No phone service,DSL,No,No,Yes,No,No,No,Two year,No,Electronic check,55.46,1776.37,Yes
7590-0628,Male,0,Yes,Yes,10,No,No phone service,No,No internet service,No internet service,No internet service,No internet service,No internet service,No internet service,Two year,No,Bank transfer (automatic),26.52,302.59,No
7590-0629,Female,0,No,Yes,3,No,No phone service,Fiber optic,Yes,No,Yes,No,No,No,Month-to-month,Yes,Electronic check,72.18,237.44,Yes
7590-0630,Male,1,No,Yes,7,No,No phone service,Fiber optic,Yes,No,No,No,No,No,Month-to-month,Yes,Bank transfer (automatic),65.29,484.13,Yes
7590-0631,Female,0,Yes,Yes,5,No,No phone service,Fiber optic,No,Yes,No,No,No,No,One year,No,Credit card (automatic),63.62,325.71,No
7590-0632,Male,0,No,Yes,35,Yes,Yes,Fiber optic,Yes,Yes,No,Yes,No,Yes,One year,Yes,Mailed check,106.33,3736.20,No
7590-0633,Female,0,No,Yes,24,No,No phone service,Fiber optic,No,No,No,No,Yes,No,Month-to-month,Yes,Electronic check,58.04,1376.00,No
7590-0634,Male,0,No,Yes,11,No,No phone service,Fiber optic,No,No,No,Yes,Yes,No,One year,No,Electronic check,77.95,879.49,No
7590-0635,Male,0,Yes,No,67,No,No phone service,DSL,Yes,No,No,No,No,No,One year,No,Bank transfer (automatic),43.19,2878.12,No
7590-0636,Female,0,Yes,Yes,36,No,No phone service,Fiber optic,Yes,Yes,No,No,No,No,Month-to-month,No,Mailed check,69.21,2484.86,No
7590-0637,Male,0,No,Yes,29,No,No phone service,DSL,Yes,Yes,Yes,Yes,Yes,No,Month-to-month,No,Electronic check,57.62,1654.64,No
7590-0638,Male,0,No,Yes,3,No,No phone service,DSL,Yes,No,Yes,Yes,Yes,Yes,Month-to-month,No,Electronic check,61.1,233.37,Yes
7590-0639,Female,0,Yes,No,70,No,No phone service,Fiber optic,Yes,No,Yes,No,Yes,No,Month-to-month,No,Electronic check,88.86,6231.36,No
7590-0640,Male,1,Yes,Yes,65,No,No phone service,Fiber optic,Yes,No,No,Yes,No,No,Month-to-month,Yes,Mailed check,73.55,4764.74,Yes
7590-0641,Female,0,No,Yes,9,No,No phone service,Fiber optic,No,Yes,No,Yes,Yes,No,One year,No,Mailed check,70.17,659.01,Yes
7590-0642,Male,0,No,No,35,No,No phone service,Fiber optic,Yes,No,No,No,No,Yes,Month-to-month,No,Electronic check,74.77,2631.83,No
7590-0643,Male,0,Yes,Yes,21,No,No phone service,DSL,No,No,No,Yes,No,Yes,One year,No,Electronic check,37.06,811.46,No
7590-0644,Female,0,No,Yes,56,Yes,No,Fiber optic,Yes,No,Yes,No,Yes,No,Month-to-month,No,Electronic check,86.35,4836.33,No
7590-0645,Female,0,No,Yes,20,No,No phone service,Fiber optic,Yes,No,Yes,Yes,No,Yes,Two year,No,Bank transfer (automatic),88.19,1725.19,No
7590-0646,Female,1,No,No,29,Yes,Yes,DSL,No,No,No,No,Yes,No,Two year,No,Mailed check,58.24,1719.94,No
7590-0647,Female,0,No,Yes,56,No,No phone service,Fiber optic,No,No,Yes,No,Yes,No,Month-to-month,Yes,Electronic check,56.95,3184.83,No
7590-0648,Female,0,No,Yes,18,No,No phone service,DSL,No,No,No,No,Yes,Yes,Month-to-month,No,Credit card (automatic),63.06,1166.37,Yes
7590-0649,Male,1,Yes,Yes,6,No,No phone service,No,No internet service,No internet service,No internet service,No internet service,No internet service,No internet service,Month-to-month,No,Bank transfer (automatic),18.0,103.97,No
