InvoiceNo,StockCode,Description,Quantity,InvoiceDate,UnitPrice,CustomerID,Country,InvoiceDateParsed
536365,71053,WHITE METAL LANTERN,6,02/01/2011 11:08,5.49,17889,Belgium,2011-02-01 11:08:00
536365,21730,GLASS STAR FROSTED T-LIGHT HOLDER,2,01/28/2011 11:32,4.22,16943,Germany,2011-01-28 11:32:00
536366,21730,GLASS STAR FROSTED T-LIGHT HOLDER,6,02/05/2011 08:48,5.8,18065,Netherlands,2011-02-05 08:48:00
536366,22752,SET 7 BABUSHKA NESTING BOXES,4,01/13/2011 13:54,7.55,14512,United Kingdom,2011-01-13 13:54:00
536366,21730,GLASS STAR FROSTED T-LIGHT HOLDER,6,03/22/2011 17:56,4.03,17075,Germany,2011-03-22 17:56:00
536367,84029G,KNITTED UNION FLAG HOT WATER BOTTLE,1,01/30/2011 09:24,4.03,17553,France,2011-01-30 09:24:00
536367,84029E,RED WOOLLY HOTTIE WHITE HEART,12,03/24/2011 09:38,7.66,16721,Belgium,2011-03-24 09:38:00
536367,84029E,RED WOOLLY HOTTIE WHITE HEART,12,03/30/2011 16:14,6.03,12804,Germany,2011-03-30 16:14:00
536368,21730,GLASS STAR FROSTED T-LIGHT HOLDER,2,03/14/2011 13:13,3.56,15587,Belgium,2011-03-14 13:13:00
536368,84029G,KNITTED UNION FLAG HOT WATER BOTTLE,6,02/03/2011 17:27,5.59,15617,France,2011-02-03 17:27:00
536368,22632,HAND WARMER RED POLKA DOT,24,01/07/2011 09:09,3.57,17920,Netherlands,2011-01-07 09:09:00
536369,84879,ASSORTED COLOUR BIRD ORNAMENT,6,02/02/2011 16:55,3.57,17918,Belgium,2011-02-02 16:55:00
536369,84029E,RED WOOLLY HOTTIE WHITE HEART,3,01/15/2011 12:27,4.98,12372,Belgium,2011-01-15 12:27:00
536369,22632,HAND WARMER RED POLKA DOT,6,01/14/2011 18:19,0.67,16504,Spain,2011-01-14 18:19:00
536370,84406B,CREAM CUPID HEARTS COAT HANGER,24,03/09/2011 08:38,1.05,12505,United Kingdom,2011-03-09 08:38:00
536370,84029E,RED WOOLLY HOTTIE WHITE HEART,2,03/14/2011 09:05,3.38,12912,Spain,2011-03-14 09:05:00
536370,22633,HAND WARMER UNION JACK,2,02/03/2011 16:55,2.47,14081,Spain,2011-02-03 16:55:00
536371,84029E,RED WOOLLY HOTTIE WHITE HEART,12,03/25/2011 13:28,5.13,16044,United Kingdom,2011-03-25 13:28:00
536371,85123A,WHITE HANGING HEART T-LIGHT HOLDER,2,03/17/2011 11:00,2.68,17515,United Kingdom,2011-03-17 11:00:00
536371,22752,SET 7 BABUSHKA NESTING BOXES,4,02/05/2011 18:31,1.68,13429,Belgium,2011-02-05 18:31:00
536372,22633,HAND WARMER UNION JACK,4,02/22/2011 11:06,7.43,15877,France,2011-02-22 11:06:00
536372,85123A,WHITE HANGING HEART T-LIGHT HOLDER,12,01/13/2011 08:25,4.05,13241,Germany,2011-01-13 08:25:00
536372,84406B,CREAM CUPID HEARTS COAT HANGER,3,03/01/2011 11:55,4.64,15976,Spain,2011-03-01 11:55:00
536373,22632,HAND WARMER RED POLKA DOT,1,01/31/2011 10:26,1.65,14097,Netherlands,2011-01-31 10:26:00
536373,85123A,WHITE HANGING HEART T-LIGHT HOLDER,3,02/28/2011 12:27,3.41,16898,Belgium,2011-02-28 12:27:00
536373,84029E,RED WOOLLY HOTTIE WHITE HEART,1,03/16/2011 16:03,4.72,12814,United Kingdom,2011-03-16 16:03:00
536374,22632,HAND WARMER RED POLKA DOT,6,01/11/2011 10:04,2.2,17877,Germany,2011-01-11 10:04:00
536374,84879,ASSORTED COLOUR BIRD ORNAMENT,6,01/06/2011 17:05,5.25,17127,Spain,2011-01-06 17:05:00
536374,84029G,KNITTED UNION FLAG HOT WATER BOTTLE,3,01/31/2011 12:25,3.3,17633,France,2011-01-31 12:25:00
536375,71053,WHITE METAL LANTERN,2,01/10/2011 16:13,3.92,13431,France,2011-01-10 16:13:00
536375,22752,UNKNOWN_ITEM,4,03/11/2011 12:39,3.3,17703,Spain,2011-03-11 12:39:00
536375,84029E,RED WOOLLY HOTTIE WHITE HEART,1,01/18/2011 12:07,8.2,16878,Germany,2011-01-18 12:07:00
536376,22752,SET 7 BABUSHKA NESTING BOXES,12,02/03/2011 16:31,4.47,12762,United Kingdom,2011-02-03 16:31:00
536376,85123A,WHITE HANGING HEART T-LIGHT HOLDER,3,03/23/2011 12:10,-2.38,16865,Belgium,2011-03-23 12:10:00
536376,71053,WHITE METAL LANTERN,12,01/20/2011 16:02,6.15,17117,Spain,2011-01-20 16:02:00
536377,84029E,RED WOOLLY HOTTIE WHITE HEART,24,01/06/2011 13:13,2.06,17809,United Kingdom,2011-01-06 13:13:00
536377,21730,UNKNOWN_ITEM,12,01/20/2011 11:55,4.92,13796,Netherlands,2011-01-20 11:55:00
536377,22752,SET 7 BABUSHKA NESTING BOXES,4,03/27/2011 11:17,0.58,18090,United Kingdom,2011-03-27 11:17:00
536378,22633,UNKNOWN_ITEM,24,02/28/2011 13:19,1.84,14210,Germany,2011-02-28 13:19:00
536378,22752,SET 7 BABUSHKA NESTING BOXES,1,02/05/2011 13:41,4.89,17912,Spain,2011-02-05 13:41:00
536378,84029E,RED WOOLLY HOTTIE WHITE HEART,3,01/05/2011 09:38,5.98,14915,Netherlands,2011-01-05 09:38:00
536379,21730,GLASS STAR FROSTED T-LIGHT HOLDER,2,02/02/2011 08:45,4.84,16605,Spain,2011-02-02 08:45:00
536379,84029G,KNITTED UNION FLAG HOT WATER BOTTLE,1,03/27/2011 13:39,4.27,13366,Belgium,2011-03-27 13:39:00
536379,21730,GLASS STAR FROSTED T-LIGHT HOLDER,12,02/07/2011 16:08,3.9,17793,Netherlands,2011-02-07 16:08:00
536380,84879,ASSORTED COLOUR BIRD ORNAMENT,4,03/12/2011 08:19,1.54,15867,Spain,2011-03-12 08:19:00
536380,22633,HAND WARMER UNION JACK,2,03/07/2011 15:50,3.06,13736,Belgium,2011-03-07 15:50:00
536380,84879,UNKNOWN_ITEM,24,01/31/2011 18:19,3.58,13977,Germany,2011-01-31 18:19:00
536381,22633,HAND WARMER UNION JACK,24,01/10/2011 15:26,6.61,17061,Germany,2011-01-10 15:26:00
536381,21730,GLASS STAR FROSTED T-LIGHT HOLDER,12,03/30/2011 08:57,5.19,13219,Netherlands,2011-03-30 08:57:00
536381,22632,HAND WARMER RED POLKA DOT,6,02/01/2011 09:29,0.97,16152,Belgium,2011-02-01 09:29:00
536382,22752,SET 7 BABUSHKA NESTING BOXES,4,03/20/2011 16:27,5.15,16834,Netherlands,2011-03-20 16:27:00
536382,22633,HAND WARMER UNION JACK,24,02/01/2011 18:17,3.73,16616,Netherlands,2011-02-01 18:17:00
536382,71053,WHITE METAL LANTERN,2,02/04/2011 13:20,3.15,13006,Germany,2011-02-04 13:20:00
536383,84406B,CREAM CUPID HEARTS COAT HANGER,1,02/23/2011 14:21,5.72,15752,United Kingdom,2011-02-23 14:21:00
536383,84879,ASSORTED COLOUR BIRD ORNAMENT,1,03/15/2011 14:30,6.56,GUEST,Netherlands,2011-03-15 14:30:00
536383,21730,GLASS STAR FROSTED T-LIGHT HOLDER,12,03/11/2011 17:57,6.36,14143,France,2011-03-11 17:57:00
536384,22752,SET 7 BABUSHKA NESTING BOXES,24,02/21/2011 10:53,2.82,13391,Spain,2011-02-21 10:53:00
536384,84879,ASSORTED COLOUR BIRD ORNAMENT,1,01/11/2011 18:27,3.88,16128,Germany,2011-01-11 18:27:00
536384,84029G,KNITTED UNION FLAG HOT WATER BOTTLE,3,02/18/2011 12:48,5.16,15799,France,2011-02-18 12:48:00
536385,22632,HAND WARMER RED POLKA DOT,12,01/29/2011 18:04,6.45,17685,United Kingdom,2011-01-29 18:04:00
536385,84029G,KNITTED UNION FLAG HOT WATER BOTTLE,6,01/20/2011 11:08,3.54,13283,Spain,2011-01-20 11:08:00
536385,84029E,RED WOOLLY HOTTIE WHITE HEART,2,03/19/2011 17:47,4.13,13687,France,2011-03-19 17:47:00
536386,84029E,RED WOOLLY HOTTIE WHITE HEART,4,02/20/2011 11:04,2.29,17484,Germany,2011-02-20 11:04:00
536386,84879,ASSORTED COLOUR BIRD ORNAMENT,24,03/14/2011 08:22,2.11,17765,France,2011-03-14 08:22:00
536386,85123A,WHITE HANGING HEART T-LIGHT HOLDER,24,03/04/2011 09:27,6.13,17552,Netherlands,2011-03-04 09:27:00
536387,22632,HAND WARMER RED POLKA DOT,3,03/20/2011 16:49,7.21,15914,Belgium,2011-03-20 16:49:00
536387,84029G,KNITTED UNION FLAG HOT WATER BOTTLE,1,02/05/2011 15:15,4.36,17014,Spain,2011-02-05 15:15:00
536387,22633,HAND WARMER UNION JACK,2,03/04/2011 11:22,6.51,15134,France,2011-03-04 11:22:00
536388,84029E,RED WOOLLY HOTTIE WHITE HEART,6,01/25/2011 09:15,5.22,16348,Spain,2011-01-25 09:15:00
536388,22633,HAND WARMER UNION JACK,1,01/12/2011 12:14,3.21,14339,France,2011-01-12 12:14:00
536388,22632,HAND WARMER RED POLKA DOT,4,03/12/2011 13:22,5.22,14565,France,2011-03-12 13:22:00
536389,84029G,KNITTED UNION FLAG HOT WATER BOTTLE,12,03/10/2011 10:12,7.58,16312,France,2011-03-10 10:12:00
536389,22632,HAND WARMER RED POLKA DOT,1,01/25/2011 12:14,4.43,14822,United Kingdom,2011-01-25 12:14:00
536389,85123A,WHITE HANGING HEART T-LIGHT HOLDER,6,02/07/2011 10:40,7.63,16367,United Kingdom,2011-02-07 10:40:00
536390,22633,HAND WARMER UNION JACK,3,01/24/2011 08:16,0.5,16259,United Kingdom,2011-01-24 08:16:00
536390,71053,WHITE METAL LANTERN,12,01/07/2011 10:09,6.14,14835,United Kingdom,2011-01-07 10:09:00
536390,21730,GLASS STAR FROSTED T-LIGHT HOLDER,24,03/21/2011 11:49,4.67,16036,Netherlands,2011-03-21 11:49:00
536391,21730,GLASS STAR FROSTED T-LIGHT HOLDER,6,01/08/2011 17:47,3.9,14048,Belgium,2011-01-08 17:47:00
536391,84406B,CREAM CUPID HEARTS COAT HANGER,6,01/10/2011 10:00,4.68,17993,Spain,2011-01-10 10:00:00
536391,84029E,RED WOOLLY HOTTIE WHITE HEART,12,02/28/2011 09:43,0.52,14513,Belgium,2011-02-28 09:43:00
536392,84029G,KNITTED UNION FLAG HOT WATER BOTTLE,6,01/29/2011 18:09,4.06,13511,United Kingdom,2011-01-29 18:09:00
536392,84879,ASSORTED COLOUR BIRD ORNAMENT,6,02/06/2011 15:07,5.21,14837,Belgium,2011-02-06 15:07:00
536392,22632,HAND WARMER RED POLKA DOT,1,03/18/2011 08:56,7.46,14986,Spain,2011-03-18 08:56:00
536393,84879,ASSORTED COLOUR BIRD ORNAMENT,1,03/28/2011 12:36,3.46,GUEST,Spain,2011-03-28 12:36:00
536393,84406B,CREAM CUPID HEARTS COAT HANGER,4,03/23/2011 15:05,2.88,15691,France,2011-03-23 15:05:00
536393,84406B,CREAM CUPID HEARTS COAT HANGER,12,03/05/2011 12:42,3.5,16852,United Kingdom,2011-03-05 12:42:00
536394,22752,SET 7 BABUSHKA NESTING BOXES,24,02/21/2011 16:52,6.33,17733,Spain,2011-02-21 16:52:00
536394,22632,HAND WARMER RED POLKA DOT,24,03/05/2011 18:28,5.16,14013,France,2011-03-05 18:28:00
536394,22633,HAND WARMER UNION JACK,4,01/16/2011 08:40,3.44,14306,Belgium,2011-01-16 08:40:00
536395,22632,HAND WARMER RED POLKA DOT,2,01/15/2011 15:07,5.53,13607,Netherlands,2011-01-15 15:07:00
536395,84029E,RED WOOLLY HOTTIE WHITE HEART,4,03/02/2011 11:29,4.69,15488,Germany,2011-03-02 11:29:00
536395,84406B,CREAM CUPID HEARTS COAT HANGER,3,02/23/2011 13:59,6.44,14534,United Kingdom,2011-02-23 13:59:00
536396,84879,ASSORTED COLOUR BIRD ORNAMENT,12,03/04/2011 10:28,3.1,15173,France,2011-03-04 10:28:00
536396,22633,HAND WARMER UNION JACK,24,01/25/2011 11:36,3.84,15711,United Kingdom,2011-01-25 11:36:00
536396,21730,GLASS STAR FROSTED T-LIGHT HOLDER,12,03/25/2011 10:31,3.72,13380,Spain,2011-03-25 10:31:00
536397,71053,WHITE METAL LANTERN,4,01/13/2011 16:58,1.57,18264,Germany,2011-01-13 16:58:00
536397,84406B,CREAM CUPID HEARTS COAT HANGER,6,02/13/2011 17:44,5.09,13003,France,2011-02-13 17:44:00
536397,21730,GLASS STAR FROSTED T-LIGHT HOLDER,12,03/04/2011 16:02,5.02,14269,Belgium,2011-03-04 16:02:00
536398,84029G,KNITTED UNION FLAG HOT WATER BOTTLE,4,01/13/2011 18:45,4.51,15980,Germany,2011-01-13 18:45:00
536398,85123A,WHITE HANGING HEART T-LIGHT HOLDER,1,02/07/2011 13:23,4.03,14346,Spain,2011-02-07 13:23:00
536398,84406B,CREAM CUPID HEARTS COAT HANGER,1,03/20/2011 14:39,1.67,16422,Spain,2011-03-20 14:39:00
536399,84029E,RED WOOLLY HOTTIE WHITE HEART,12,01/02/2011 15:57,3.66,16823,Germany,2011-01-02 15:57:00
536399,84879,ASSORTED COLOUR BIRD ORNAMENT,4,03/30/2011 12:29,3.81,13977,Netherlands,2011-03-30 12:29:00
536399,21730,GLASS STAR FROSTED T-LIGHT HOLDER,6,02/07/2011 12:01,2.9,17738,Netherlands,2011-02-07 12:01:00
536400,85123A,WHITE HANGING HEART T-LIGHT HOLDER,12,03/05/2011 12:49,4.18,17319,France,2011-03-05 12:49:00
536400,84029E,RED WOOLLY HOTTIE WHITE HEART,12,03/26/2011 18:53,5.31,13141,Belgium,2011-03-26 18:53:00
536400,22633,HAND WARMER UNION JACK,12,01/17/2011 09:58,8.27,15749,Germany,2011-01-17 09:58:00
536401,22752,SET 7 BABUSHKA NESTING BOXES,3,01/22/2011 12:58,4.85,16293,France,2011-01-22 12:58:00
536401,71053,WHITE METAL LANTERN,1,01/19/2011 11:55,5.02,17870,Netherlands,2011-01-19 11:55:00
536401,22752,SET 7 BABUSHKA NESTING BOXES,4,01/02/2011 12:34,4.35,15365,Belgium,2011-01-02 12:34:00
536402,21730,GLASS STAR FROSTED T-LIGHT HOLDER,3,01/14/2011 18:14,0.66,17421,Spain,2011-01-14 18:14:00
536402,71053,WHITE METAL LANTERN,4,03/31/2011 12:41,4.45,13491,United Kingdom,2011-03-31 12:41:00
536402,22633,HAND WARMER UNION JACK,2,03/10/2011 10:24,4.62,17838,Belgium,2011-03-10 10:24:00
536403,84879,ASSORTED COLOUR BIRD ORNAMENT,2,02/23/2011 18:06,9.43,17389,Netherlands,2011-02-23 18:06:00
536403,22752,SET 7 BABUSHKA NESTING BOXES,4,01/31/2011 13:06,4.12,15355,Spain,2011-01-31 13:06:00
536403,85123A,WHITE HANGING HEART T-LIGHT HOLDER,2,01/16/2011 15:05,5.1,17602,Belgium,2011-01-16 15:05:00
536404,22752,SET 7 BABUSHKA NESTING BOXES,2,03/14/2011 11:04,4.43,16886,Germany,2011-03-14 11:04:00
536404,84029G,KNITTED UNION FLAG HOT WATER BOTTLE,2,03/18/2011 08:17,2.16,13531,Germany,2011-03-18 08:17:00
536404,71053,WHITE METAL LANTERN,1,01/17/2011 08:22,6.79,14295,Spain,2011-01-17 08:22:00
536405,85123A,WHITE HANGING HEART T-LIGHT HOLDER,4,03/09/2011 09:47,6.0,16018,France,2011-03-09 09:47:00
536405,22632,HAND WARMER RED POLKA DOT,6,01/06/2011 18:33,6.08,17616,United Kingdom,2011-01-06 18:33:00
536405,21730,GLASS STAR FROSTED T-LIGHT HOLDER,1,03/04/2011 15:04,2.68,14984,Spain,2011-03-04 15:04:00
536406,84879,ASSORTED COLOUR BIRD ORNAMENT,6,02/11/2011 14:38,7.31,16062,Spain,2011-02-11 14:38:00
536406,71053,WHITE METAL LANTERN,12,03/12/2011 11:27,1.7,14217,Netherlands,2011-03-12 11:27:00
536406,21730,GLASS STAR FROSTED T-LIGHT HOLDER,3,02/24/2011 13:42,5.67,13596,Belgium,2011-02-24 13:42:00
536407,71053,WHITE METAL LANTERN,1,02/17/2011 10:35,8.88,GUEST,Belgium,2011-02-17 10:35:00
536407,21730,GLASS STAR FROSTED T-LIGHT HOLDER,12,01/07/2011 12:38,2.52,13194,Spain,2011-01-07 12:38:00
536407,22633,HAND WARMER UNION JACK,1,02/14/2011 16:23,3.37,14628,Spain,2011-02-14 16:23:00
536408,22632,HAND WARMER RED POLKA DOT,24,03/21/2011 17:43,4.7,12561,Spain,2011-03-21 17:43:00
536408,84029E,RED WOOLLY HOTTIE WHITE HEART,6,03/31/2011 12:58,3.49,12396,Germany,2011-03-31 12:58:00
536408,21730,GLASS STAR FROSTED T-LIGHT HOLDER,1,01/12/2011 16:13,1.4,16062,France,2011-01-12 16:13:00
536409,22752,SET 7 BABUSHKA NESTING BOXES,6,03/18/2011 09:56,4.64,13635,Belgium,2011-03-18 09:56:00
536409,21730,GLASS STAR FROSTED T-LIGHT HOLDER,4,02/23/2011 12:13,2.38,13278,France,2011-02-23 12:13:00
536409,84879,UNKNOWN_ITEM,12,02/09/2011 08:14,5.45,17255,United Kingdom,2011-02-09 08:14:00
536410,84029G,KNITTED UNION FLAG HOT WATER BOTTLE,24,02/02/2011 12:20,2.66,16420,Belgium,2011-02-02 12:20:00
536410,22632,HAND WARMER RED POLKA DOT,6,03/13/2011 18:51,-7.6,15598,Belgium,2011-03-13 18:51:00
536410,71053,WHITE METAL LANTERN,6,02/24/2011 17:25,2.93,15767,France,2011-02-24 17:25:00
536411,22752,SET 7 BABUSHKA NESTING BOXES,6,02/28/2011 13:05,3.86,13213,Germany,2011-02-28 13:05:00
536411,71053,WHITE METAL LANTERN,3,02/13/2011 11:21,6.13,12971,Spain,2011-02-13 11:21:00
536411,84029G,KNITTED UNION FLAG HOT WATER BOTTLE,3,02/14/2011 18:52,2.04,13188,Germany,2011-02-14 18:52:00
536412,84406B,CREAM CUPID HEARTS COAT HANGER,12,01/10/2011 10:49,4.95,16146,Spain,2011-01-10 10:49:00
536412,84879,ASSORTED COLOUR BIRD ORNAMENT,6,02/11/2011 18:20,7.11,12905,Netherlands,2011-02-11 18:20:00
536412,84029E,RED WOOLLY HOTTIE WHITE HEART,3,03/06/2011 09:19,1.29,12654,United Kingdom,2011-03-06 09:19:00
536413,71053,WHITE METAL LANTERN,6,02/19/2011 15:37,4.87,12682,Netherlands,2011-02-19 15:37:00
536413,84029G,KNITTED UNION FLAG HOT WATER BOTTLE,4,03/06/2011 10:03,5.02,15159,Belgium,2011-03-06 10:03:00
536413,85123A,WHITE HANGING HEART T-LIGHT HOLDER,4,02/26/2011 16:33,6.06,15327,France,2011-02-26 16:33:00
536414,22752,SET 7 BABUSHKA NESTING BOXES,1,03/22/2011 18:21,2.03,13120,Spain,2011-03-22 18:21:00
536414,84879,ASSORTED COLOUR BIRD ORNAMENT,3,01/11/2011 17:42,1.86,15211,France,2011-01-11 17:42:00
536414,21730,GLASS STAR FROSTED T-LIGHT HOLDER,12,01/11/2011 12:35,5.54,15036,Germany,2011-01-11 12:35:00
536415,22632,HAND WARMER RED POLKA DOT,12,02/24/2011 16:23,5.09,14876,Germany,2011-02-24 16:23:00
536415,84029G,KNITTED UNION FLAG HOT WATER BOTTLE,2,01/20/2011 09:18,5.0,13174,Spain,2011-01-20 09:18:00
536415,22632,HAND WARMER RED POLKA DOT,12,03/21/2011 10:38,5.19,13675,Germany,2011-03-21 10:38:00
536416,84406B,CREAM CUPID HEARTS COAT HANGER,1,02/22/2011 13:43,3.14,15984,Spain,2011-02-22 13:43:00
536416,22633,HAND WARMER UNION JACK,2,02/09/2011 15:57,4.96,15359,Belgium,2011-02-09 15:57:00
536416,22633,HAND WARMER UNION JACK,24,02/18/2011 16:33,5.09,13673,Germany,2011-02-18 16:33:00
536417,84029E,RED WOOLLY HOTTIE WHITE HEART,-1,02/17/2011 16:59,3.07,16572,United Kingdom,2011-02-17 16:59:00
536417,84029E,RED WOOLLY HOTTIE WHITE HEART,6,01/19/2011 14:05,8.23,14164,Netherlands,2011-01-19 14:05:00
536417,21730,UNKNOWN_ITEM,-2,02/17/2011 11:24,5.45,15417,Germany,2011-02-17 11:24:00
536418,22752,SET 7 BABUSHKA NESTING BOXES,2,01/05/2011 12:58,2.12,18048,Germany,2011-01-05 12:58:00
536418,84879,ASSORTED COLOUR BIRD ORNAMENT,2,01/03/2011 12:13,5.81,16841,Belgium,2011-01-03 12:13:00
536418,84029E,RED WOOLLY HOTTIE WHITE HEART,1,01/07/2011 11:26,2.55,17448,Netherlands,2011-01-07 11:26:00
536419,22633,HAND WARMER UNION JACK,1,03/22/2011 16:36,6.07,13522,France,2011-03-22 16:36:00
536419,84029G,KNITTED UNION FLAG HOT WATER BOTTLE,2,03/27/2011 18:05,6.82,15300,United Kingdom,2011-03-27 18:05:00
536419,22632,HAND WARMER RED POLKA DOT,4,03/02/2011 08:40,2.86,15404,France,2011-03-02 08:40:00
536420,71053,WHITE METAL LANTERN,12,03/26/2011 18:06,6.43,15069,Germany,2011-03-26 18:06:00
536420,84406B,CREAM CUPID HEARTS COAT HANGER,12,03/01/2011 15:40,5.33,13450,United Kingdom,2011-03-01 15:40:00
536420,85123A,WHITE HANGING HEART T-LIGHT HOLDER,1,01/26/2011 08:20,6.14,16568,Netherlands,2011-01-26 08:20:00
536421,84029E,RED WOOLLY HOTTIE WHITE HEART,4,02/06/2011 13:55,8.29,17717,France,2011-02-06 13:55:00
536421,21730,GLASS STAR FROSTED T-LIGHT HOLDER,12,02/26/2011 14:21,4.01,16410,Belgium,2011-02-26 14:21:00
536421,22632,HAND WARMER RED POLKA DOT,1,02/24/2011 09:27,2.99,13824,Spain,2011-02-24 09:27:00
536422,22752,SET 7 BABUSHKA NESTING BOXES,3,02/27/2011 17:45,2.72,17996,Netherlands,2011-02-27 17:45:00
536422,22752,SET 7 BABUSHKA NESTING BOXES,4,02/05/2011 18:50,2.87,12960,Belgium,2011-02-05 18:50:00
536422,84406B,CREAM CUPID HEARTS COAT HANGER,2,03/19/2011 18:50,4.35,13380,United Kingdom,2011-03-19 18:50:00
536423,22752,SET 7 BABUSHKA NESTING BOXES,6,01/05/2011 17:09,5.18,15384,France,2011-01-05 17:09:00
536423,84406B,CREAM CUPID HEARTS COAT HANGER,4,02/10/2011 18:17,5.05,13275,United Kingdom,2011-02-10 18:17:00
536423,21730,GLASS STAR FROSTED T-LIGHT HOLDER,1,02/03/2011 12:45,6.15,17358,France,2011-02-03 12:45:00
536424,84029G,KNITTED UNION FLAG HOT WATER BOTTLE,24,01/10/2011 15:11,4.53,15992,United Kingdom,2011-01-10 15:11:00
536424,22752,SET 7 BABUSHKA NESTING BOXES,12,01/09/2011 16:34,7.41,14803,Germany,2011-01-09 16:34:00
536424,84406B,UNKNOWN_ITEM,6,01/29/2011 09:12,3.97,14285,Netherlands,2011-01-29 09:12:00
536425,22752,SET 7 BABUSHKA NESTING BOXES,6,01/17/2011 17:56,9.94,14879,Netherlands,2011-01-17 17:56:00
536425,22632,HAND WARMER RED POLKA DOT,4,03/15/2011 09:08,5.75,17608,United Kingdom,2011-03-15 09:08:00
536425,22752,SET 7 BABUSHKA NESTING BOXES,24,03/12/2011 18:37,2.79,13403,Netherlands,2011-03-12 18:37:00
536426,71053,WHITE METAL LANTERN,3,01/22/2011 10:20,2.36,14193,France,2011-01-22 10:20:00
536426,84029E,RED WOOLLY HOTTIE WHITE HEART,3,01/26/2011 18:35,5.46,17466,France,2011-01-26 18:35:00
536426,84406B,CREAM CUPID HEARTS COAT HANGER,6,01/20/2011 10:42,4.05,17303,France,2011-01-20 10:42:00
536427,85123A,WHITE HANGING HEART T-LIGHT HOLDER,12,03/15/2011 12:41,5.93,17032,Netherlands,2011-03-15 12:41:00
536427,22632,HAND WARMER RED POLKA DOT,3,03/03/2011 11:51,5.45,15672,France,2011-03-03 11:51:00
536427,84406B,CREAM CUPID HEARTS COAT HANGER,4,03/01/2011 11:21,4.35,14906,Belgium,2011-03-01 11:21:00
536428,22752,SET 7 BABUSHKA NESTING BOXES,2,02/17/2011 16:35,2.81,14326,Netherlands,2011-02-17 16:35:00
536428,84406B,CREAM CUPID HEARTS COAT HANGER,3,02/19/2011 17:26,1.47,13654,France,2011-02-19 17:26:00
536428,84029G,KNITTED UNION FLAG HOT WATER BOTTLE,4,03/07/2011 15:31,3.61,16420,United Kingdom,2011-03-07 15:31:00
536429,22633,HAND WARMER UNION JACK,2,03/16/2011 13:03,6.21,GUEST,France,2011-03-16 13:03:00
536429,21730,GLASS STAR FROSTED T-LIGHT HOLDER,3,02/16/2011 14:23,4.93,12765,France,2011-02-16 14:23:00
536429,22632,HAND WARMER RED POLKA DOT,6,02/05/2011 17:43,2.01,13400,United Kingdom,2011-02-05 17:43:00
536430,22752,SET 7 BABUSHKA NESTING BOXES,3,01/19/2011 11:38,4.85,16442,United Kingdom,2011-01-19 11:38:00
536430,22752,SET 7 BABUSHKA NESTING BOXES,6,02/28/2011 10:38,5.27,13491,France,2011-02-28 10:38:00
536430,21730,GLASS STAR FROSTED T-LIGHT HOLDER,12,02/08/2011 17:21,2.73,16521,Spain,2011-02-08 17:21:00
536431,22633,HAND WARMER UNION JACK,3,02/12/2011 18:07,4.81,17127,France,2011-02-12 18:07:00
536431,85123A,WHITE HANGING HEART T-LIGHT HOLDER,3,03/25/2011 17:36,4.62,12766,Spain,2011-03-25 17:36:00
536431,84879,UNKNOWN_ITEM,4,01/19/2011 18:15,2.21,18084,Germany,2011-01-19 18:15:00
536432,84406B,CREAM CUPID HEARTS COAT HANGER,2,02/22/2011 16:49,5.22,16209,Belgium,2011-02-22 16:49:00
536432,22632,HAND WARMER RED POLKA DOT,3,03/26/2011 15:33,5.62,13764,Netherlands,2011-03-26 15:33:00
536432,22752,SET 7 BABUSHKA NESTING BOXES,24,03/29/2011 18:51,6.67,17343,Netherlands,2011-03-29 18:51:00
536433,22632,HAND WARMER RED POLKA DOT,3,02/06/2011 11:44,6.61,14943,Netherlands,2011-02-06 11:44:00
536433,84029E,RED WOOLLY HOTTIE WHITE HEART,6,03/28/2011 16:24,1.74,15578,France,2011-03-28 16:24:00
536433,84029E,RED WOOLLY HOTTIE WHITE HEART,2,02/14/2011 15:41,2.62,16270,Germany,2011-02-14 15:41:00
536434,22632,HAND WARMER RED POLKA DOT,2,01/14/2011 17:47,5.53,14332,United Kingdom,2011-01-14 17:47:00
536434,84029G,KNITTED UNION FLAG HOT WATER BOTTLE,24,02/12/2011 15:06,5.53,13472,United Kingdom,2011-02-12 15:06:00
536434,84406B,CREAM CUPID HEARTS COAT HANGER,4,03/03/2011 18:12,5.53,14699,France,2011-03-03 18:12:00
536435,71053,WHITE METAL LANTERN,2,03/10/2011 08:58,12.21,15769,Germany,2011-03-10 08:58:00
536435,21730,GLASS STAR FROSTED T-LIGHT HOLDER,2,02/07/2011 08:00,5.64,17283,United Kingdom,2011-02-07 08:00:00
536435,22633,HAND WARMER UNION JACK,6,03/09/2011 15:56,6.77,16476,Netherlands,2011-03-09 15:56:00
536436,22752,SET 7 BABUSHKA NESTING BOXES,4,03/24/2011 12:45,6.41,15107,France,2011-03-24 12:45:00
536436,84406B,CREAM CUPID HEARTS COAT HANGER,12,02/21/2011 14:32,5.8,15629,Belgium,2011-02-21 14:32:00
536436,22633,HAND WARMER UNION JACK,2,01/01/2011 12:24,3.87,14533,France,2011-01-01 12:24:00
536437,85123A,WHITE HANGING HEART T-LIGHT HOLDER,3,03/30/2011 11:03,6.02,16158,France,2011-03-30 11:03:00
536437,84029E,RED WOOLLY HOTTIE WHITE HEART,12,02/07/2011 13:39,2.95,13440,Netherlands,2011-02-07 13:39:00
536437,84879,ASSORTED COLOUR BIRD ORNAMENT,12,03/12/2011 15:48,4.03,17786,Germany,2011-03-12 15:48:00
536438,84879,ASSORTED COLOUR BIRD ORNAMENT,1,03/09/2011 15:33,3.53,12985,Spain,2011-03-09 15:33:00
536438,22632,HAND WARMER RED POLKA DOT,6,01/20/2011 10:20,4.66,15965,United Kingdom,2011-01-20 10:20:00
536438,22633,HAND WARMER UNION JACK,6,02/27/2011 08:29,9.13,15749,Netherlands,2011-02-27 08:29:00
536439,84029E,RED WOOLLY HOTTIE WHITE HEART,4,02/02/2011 08:47,0.77,12944,United Kingdom,2011-02-02 08:47:00
536439,22632,HAND WARMER RED POLKA DOT,1,03/02/2011 08:18,5.87,13455,Belgium,2011-03-02 08:18:00
536439,21730,GLASS STAR FROSTED T-LIGHT HOLDER,4,02/27/2011 14:24,1.27,17767,Spain,2011-02-27 14:24:00
536440,71053,WHITE METAL LANTERN,6,02/20/2011 16:08,3.56,14170,United Kingdom,2011-02-20 16:08:00
536440,22633,HAND WARMER UNION JACK,6,02/24/2011 16:24,6.68,14373,Netherlands,2011-02-24 16:24:00
536440,71053,WHITE METAL LANTERN,24,03/20/2011 08:15,4.63,13172,Spain,2011-03-20 08:15:00
536441,85123A,WHITE HANGING HEART T-LIGHT HOLDER,1,02/21/2011 15:14,2.34,12808,Germany,2011-02-21 15:14:00
536441,84879,ASSORTED COLOUR BIRD ORNAMENT,6,03/28/2011 13:15,3.07,13519,Belgium,2011-03-28 13:15:00
536441,84029E,RED WOOLLY HOTTIE WHITE HEART,3,03/22/2011 18:27,5.86,12730,France,2011-03-22 18:27:00
536442,22632,HAND WARMER RED POLKA DOT,4,02/22/2011 10:19,3.04,16752,Netherlands,2011-02-22 10:19:00
536442,84406B,CREAM CUPID HEARTS COAT HANGER,1,03/13/2011 14:26,4.93,13444,Netherlands,2011-03-13 14:26:00
536442,71053,WHITE METAL LANTERN,24,02/17/2011 09:34,4.59,13906,United Kingdom,2011-02-17 09:34:00
536443,84879,ASSORTED COLOUR BIRD ORNAMENT,2,01/25/2011 17:46,3.2,14123,Netherlands,2011-01-25 17:46:00
536443,84029E,RED WOOLLY HOTTIE WHITE HEART,1,01/28/2011 11:47,8.79,16269,Germany,2011-01-28 11:47:00
536443,21730,GLASS STAR FROSTED T-LIGHT HOLDER,6,02/11/2011 12:24,5.77,17660,France,2011-02-11 12:24:00
536444,22633,HAND WARMER UNION JACK,24,03/02/2011 13:58,0.5,14909,Netherlands,2011-03-02 13:58:00
536444,84406B,CREAM CUPID HEARTS COAT HANGER,-2,03/16/2011 17:46,4.87,13594,Germany,2011-03-16 17:46:00
536444,84029G,KNITTED UNION FLAG HOT WATER BOTTLE,12,03/29/2011 13:16,3.18,16348,Belgium,2011-03-29 13:16:00
536445,84406B,CREAM CUPID HEARTS COAT HANGER,3,01/22/2011 10:46,6.2,13853,Spain,2011-01-22 10:46:00
536445,22632,HAND WARMER RED POLKA DOT,2,03/27/2011 08:48,-2.91,13472,United Kingdom,2011-03-27 08:48:00
536445,22632,HAND WARMER RED POLKA DOT,1,03/21/2011 18:42,-4.27,16304,Belgium,2011-03-21 18:42:00
536446,22632,HAND WARMER RED POLKA DOT,1,03/09/2011 12:34,5.51,12486,Spain,2011-03-09 12:34:00
536446,84406B,CREAM CUPID HEARTS COAT HANGER,1,03/09/2011 10:15,6.23,16658,France,2011-03-09 10:15:00
536446,21730,GLASS STAR FROSTED T-LIGHT HOLDER,24,02/28/2011 17:15,2.1,14196,France,2011-02-28 17:15:00
536447,85123A,WHITE HANGING HEART T-LIGHT HOLDER,4,02/18/2011 16:30,3.83,12423,United Kingdom,2011-02-18 16:30:00
536447,22752,SET 7 BABUSHKA NESTING BOXES,24,01/13/2011 16:58,3.55,GUEST,France,2011-01-13 16:58:00
536447,84029E,RED WOOLLY HOTTIE WHITE HEART,6,03/26/2011 08:11,3.19,14922,United Kingdom,2011-03-26 08:11:00
536448,21730,GLASS STAR FROSTED T-LIGHT HOLDER,3,01/21/2011 17:15,8.03,15533,Belgium,2011-01-21 17:15:00
536448,84406B,CREAM CUPID HEARTS COAT HANGER,12,01/11/2011 16:47,5.31,12785,United Kingdom,2011-01-11 16:47:00
536448,22752,SET 7 BABUSHKA NESTING BOXES,6,03/18/2011 14:49,1.98,17540,France,2011-03-18 14:49:00
536449,84029G,KNITTED UNION FLAG HOT WATER BOTTLE,4,02/25/2011 10:43,6.34,15459,United Kingdom,2011-02-25 10:43:00
536449,84029G,KNITTED UNION FLAG HOT WATER BOTTLE,1,02/04/2011 10:24,8.74,17538,Germany,2011-02-04 10:24:00
536449,71053,WHITE METAL LANTERN,3,02/26/2011 13:48,6.56,13431,United Kingdom,2011-02-26 13:48:00
536450,22632,HAND WARMER RED POLKA DOT,1,01/04/2011 09:22,1.46,17236,Spain,2011-01-04 09:22:00
536450,85123A,WHITE HANGING HEART T-LIGHT HOLDER,4,01/11/2011 16:57,3.53,14334,Spain,2011-01-11 16:57:00
536450,84406B,CREAM CUPID HEARTS COAT HANGER,3,02/04/2011 15:09,7.03,15906,France,2011-02-04 15:09:00
536451,71053,WHITE METAL LANTERN,2,03/22/2011 15:38,-3.08,16096,United Kingdom,2011-03-22 15:38:00
536451,21730,GLASS STAR FROSTED T-LIGHT HOLDER,6,02/18/2011 13:28,5.39,17679,Spain,2011-02-18 13:28:00
536451,84029G,KNITTED UNION FLAG HOT WATER BOTTLE,2,02/20/2011 13:18,6.05,17530,Netherlands,2011-02-20 13:18:00
536452,22752,SET 7 BABUSHKA NESTING BOXES,24,02/20/2011 13:07,2.65,13982,Spain,2011-02-20 13:07:00
536452,22632,HAND WARMER RED POLKA DOT,-1,04/01/2011 11:28,4.38,18021,United Kingdom,2011-04-01 11:28:00
536452,21730,GLASS STAR FROSTED T-LIGHT HOLDER,2,03/23/2011 12:15,0.5,13608,Belgium,2011-03-23 12:15:00
536453,22633,HAND WARMER UNION JACK,4,03/16/2011 14:34,2.45,18012,Netherlands,2011-03-16 14:34:00
536453,22752,SET 7 BABUSHKA NESTING BOXES,24,03/10/2011 17:40,3.99,13241,Germany,2011-03-10 17:40:00
536453,84879,ASSORTED COLOUR BIRD ORNAMENT,24,02/12/2011 14:06,2.0,14465,Spain,2011-02-12 14:06:00
536454,84879,ASSORTED COLOUR BIRD ORNAMENT,3,02/20/2011 15:49,7.76,18002,Spain,2011-02-20 15:49:00
536454,22633,HAND WARMER UNION JACK,4,01/11/2011 09:53,1.64,13506,France,2011-01-11 09:53:00
536454,84029G,KNITTED UNION FLAG HOT WATER BOTTLE,3,03/02/2011 09:28,3.62,16052,France,2011-03-02 09:28:00
536455,71053,WHITE METAL LANTERN,12,03/24/2011 09:43,4.76,14344,Spain,2011-03-24 09:43:00
536455,22632,HAND WARMER RED POLKA DOT,4,01/30/2011 14:40,7.38,17592,Belgium,2011-01-30 14:40:00
536455,84879,ASSORTED COLOUR BIRD ORNAMENT,4,03/17/2011 14:24,1.63,14105,France,2011-03-17 14:24:00
536456,71053,WHITE METAL LANTERN,24,03/10/2011 10:23,6.83,16094,United Kingdom,2011-03-10 10:23:00
536456,22632,HAND WARMER RED POLKA DOT,3,03/18/2011 14:39,4.52,13281,France,2011-03-18 14:39:00
536456,84406B,CREAM CUPID HEARTS COAT HANGER,12,02/08/2011 17:37,2.54,13443,France,2011-02-08 17:37:00
536457,84406B,CREAM CUPID HEARTS COAT HANGER,2,03/07/2011 14:26,5.42,17054,Netherlands,2011-03-07 14:26:00
536457,22632,HAND WARMER RED POLKA DOT,12,01/23/2011 16:10,4.9,13495,Germany,2011-01-23 16:10:00
536457,85123A,WHITE HANGING HEART T-LIGHT HOLDER,1,03/04/2011 10:12,3.3,16946,Spain,2011-03-04 10:12:00
536458,22633,HAND WARMER UNION JACK,24,02/26/2011 15:10,4.64,12598,Germany,2011-02-26 15:10:00
536458,22632,HAND WARMER RED POLKA DOT,24,02/28/2011 17:47,3.73,16403,Spain,2011-02-28 17:47:00
536458,84029E,RED WOOLLY HOTTIE WHITE HEART,24,02/16/2011 16:52,4.73,18235,Netherlands,2011-02-16 16:52:00
536459,71053,WHITE METAL LANTERN,12,02/01/2011 12:55,5.82,16030,France,2011-02-01 12:55:00
536459,22633,HAND WARMER UNION JACK,1,01/31/2011 11:51,7.67,17991,France,2011-01-31 11:51:00
536459,21730,GLASS STAR FROSTED T-LIGHT HOLDER,2,01/27/2011 11:51,2.02,GUEST,Spain,2011-01-27 11:51:00
536460,84029E,RED WOOLLY HOTTIE WHITE HEART,3,03/07/2011 18:52,8.77,15717,United Kingdom,2011-03-07 18:52:00
536460,84406B,CREAM CUPID HEARTS COAT HANGER,2,02/01/2011 10:45,0.6,14373,Belgium,2011-02-01 10:45:00
536460,84029E,RED WOOLLY HOTTIE WHITE HEART,4,02/27/2011 09:40,4.2,13108,Netherlands,2011-02-27 09:40:00
536461,22752,SET 7 BABUSHKA NESTING BOXES,4,02/11/2011 17:00,5.68,13109,Belgium,2011-02-11 17:00:00
536461,22752,SET 7 BABUSHKA NESTING BOXES,24,03/10/2011 14:13,5.06,14081,Netherlands,2011-03-10 14:13:00
536461,22752,SET 7 BABUSHKA NESTING BOXES,2,03/14/2011 15:50,3.25,17937,United Kingdom,2011-03-14 15:50:00
536462,22633,HAND WARMER UNION JACK,3,02/26/2011 15:00,4.08,15850,Germany,2011-02-26 15:00:00
536462,84029E,RED WOOLLY HOTTIE WHITE HEART,3,01/12/2011 18:23,3.51,15392,Belgium,2011-01-12 18:23:00
536462,21730,UNKNOWN_ITEM,12,03/31/2011 11:27,3.32,18110,United Kingdom,2011-03-31 11:27:00
536463,84406B,CREAM CUPID HEARTS COAT HANGER,6,03/29/2011 15:00,6.2,15160,Netherlands,2011-03-29 15:00:00
536463,84029G,KNITTED UNION FLAG HOT WATER BOTTLE,12,01/14/2011 09:20,5.21,14797,Germany,2011-01-14 09:20:00
536463,84406B,CREAM CUPID HEARTS COAT HANGER,12,01/19/2011 09:33,3.11,17345,Belgium,2011-01-19 09:33:00
536464,84029G,KNITTED UNION FLAG HOT WATER BOTTLE,2,02/22/2011 17:43,6.3,14125,United Kingdom,2011-02-22 17:43:00
536464,71053,WHITE METAL LANTERN,4,02/14/2011 14:20,5.11,14375,France,2011-02-14 14:20:00
536464,84879,ASSORTED COLOUR BIRD ORNAMENT,6,02/06/2011 08:54,6.13,14817,Germany,2011-02-06 08:54:00
536465,21730,GLASS STAR FROSTED T-LIGHT HOLDER,1,01/31/2011 15:24,5.76,16438,Belgium,2011-01-31 15:24:00
536465,85123A,WHITE HANGING HEART T-LIGHT HOLDER,3,01/17/2011 14:55,2.84,15793,France,2011-01-17 14:55:00
536465,22633,HAND WARMER UNION JACK,24,01/10/2011 08:37,3.38,14493,Germany,2011-01-10 08:37:00
536466,21730,GLASS STAR FROSTED T-LIGHT HOLDER,12,03/06/2011 14:27,5.99,13021,Belgium,2011-03-06 14:27:00
536466,84029E,RED WOOLLY HOTTIE WHITE HEART,1,03/07/2011 11:51,5.72,15022,Netherlands,2011-03-07 11:51:00
536466,71053,WHITE METAL LANTERN,4,01/31/2011 08:15,4.46,15905,United Kingdom,2011-01-31 08:15:00
536467,84029E,RED WOOLLY HOTTIE WHITE HEART,12,01/23/2011 09:00,4.73,18092,United Kingdom,2011-01-23 09:00:00
536467,22632,HAND WARMER RED POLKA DOT,24,02/03/2011 10:23,7.06,14547,Belgium,2011-02-03 10:23:00
536467,85123A,WHITE HANGING HEART T-LIGHT HOLDER,4,02/04/2011 16:04,3.32,17069,Belgium,2011-02-04 16:04:00
536468,22752,SET 7 BABUSHKA NESTING BOXES,3,02/17/2011 10:16,5.59,17047,Belgium,2011-02-17 10:16:00
536468,22632,HAND WARMER RED POLKA DOT,1,02/01/2011 08:30,4.1,13575,Germany,2011-02-01 08:30:00
536468,22632,HAND WARMER RED POLKA DOT,12,03/25/2011 14:14,4.06,15755,Belgium,2011-03-25 14:14:00
536469,84879,ASSORTED COLOUR BIRD ORNAMENT,6,03/28/2011 08:11,6.7,16571,United Kingdom,2011-03-28 08:11:00
536469,22633,HAND WARMER UNION JACK,24,02/09/2011 13:05,6.15,12411,France,2011-02-09 13:05:00
536469,84029E,RED WOOLLY HOTTIE WHITE HEART,2,03/01/2011 13:37,6.13,13946,Belgium,2011-03-01 13:37:00
536470,84029G,KNITTED UNION FLAG HOT WATER BOTTLE,4,01/04/2011 11:34,-7.11,18026,United Kingdom,2011-01-04 11:34:00
536470,21730,GLASS STAR FROSTED T-LIGHT HOLDER,12,02/09/2011 09:13,4.54,14297,Netherlands,2011-02-09 09:13:00
536470,84406B,CREAM CUPID HEARTS COAT HANGER,1,01/06/2011 11:57,5.86,15729,Belgium,2011-01-06 11:57:00
536471,71053,WHITE METAL LANTERN,6,01/18/2011 18:52,3.88,17194,Spain,2011-01-18 18:52:00
536471,84406B,CREAM CUPID HEARTS COAT HANGER,3,02/10/2011 14:44,5.15,15018,France,2011-02-10 14:44:00
536471,84029G,KNITTED UNION FLAG HOT WATER BOTTLE,24,03/16/2011 09:09,4.24,16028,Netherlands,2011-03-16 09:09:00
536472,22752,SET 7 BABUSHKA NESTING BOXES,2,02/27/2011 12:29,4.69,13328,United Kingdom,2011-02-27 12:29:00
536472,84879,ASSORTED COLOUR BIRD ORNAMENT,12,01/19/2011 09:45,5.69,15260,Netherlands,2011-01-19 09:45:00
536472,84029E,RED WOOLLY HOTTIE WHITE HEART,2,01/04/2011 14:54,2.86,16852,Germany,2011-01-04 14:54:00
536473,84406B,CREAM CUPID HEARTS COAT HANGER,1,01/29/2011 10:12,8.68,15395,Belgium,2011-01-29 10:12:00
536473,84879,ASSORTED COLOUR BIRD ORNAMENT,24,01/10/2011 08:04,2.49,17637,Netherlands,2011-01-10 08:04:00
536473,22752,SET 7 BABUSHKA NESTING BOXES,4,01/07/2011 10:59,2.07,18280,Netherlands,2011-01-07 10:59:00
536474,21730,GLASS STAR FROSTED T-LIGHT HOLDER,2,01/24/2011 12:17,6.82,13563,United Kingdom,2011-01-24 12:17:00
536474,84029E,RED WOOLLY HOTTIE WHITE HEART,6,03/03/2011 08:05,6.08,13470,Netherlands,2011-03-03 08:05:00
536474,22632,HAND WARMER RED POLKA DOT,24,03/11/2011 08:24,5.75,15287,Netherlands,2011-03-11 08:24:00
536475,84879,ASSORTED COLOUR BIRD ORNAMENT,4,02/04/2011 10:01,5.76,14140,United Kingdom,2011-02-04 10:01:00
536475,85123A,WHITE HANGING HEART T-LIGHT HOLDER,4,03/09/2011 13:49,4.48,14252,Germany,2011-03-09 13:49:00
536475,84029E,RED WOOLLY HOTTIE WHITE HEART,24,01/08/2011 11:36,2.71,15527,France,2011-01-08 11:36:00
536476,84406B,CREAM CUPID HEARTS COAT HANGER,6,02/10/2011 13:58,4.65,18108,Belgium,2011-02-10 13:58:00
536476,84406B,CREAM CUPID HEARTS COAT HANGER,2,03/05/2011 16:19,3.15,12656,United Kingdom,2011-03-05 16:19:00
536476,85123A,WHITE HANGING HEART T-LIGHT HOLDER,1,02/12/2011 17:12,6.45,15137,Belgium,2011-02-12 17:12:00
536477,22752,SET 7 BABUSHKA NESTING BOXES,3,03/17/2011 10:49,4.21,16657,France,2011-03-17 10:49:00
536477,21730,GLASS STAR FROSTED T-LIGHT HOLDER,3,02/08/2011 13:08,2.85,15924,Belgium,2011-02-08 13:08:00
536477,84406B,CREAM CUPID HEARTS COAT HANGER,6,03/30/2011 17:50,3.86,17798,Spain,2011-03-30 17:50:00
536478,84029E,RED WOOLLY HOTTIE WHITE HEART,12,01/01/2011 17:25,5.33,16994,United Kingdom,2011-01-01 17:25:00
536478,84879,ASSORTED COLOUR BIRD ORNAMENT,6,01/14/2011 15:09,3.37,12983,Germany,2011-01-14 15:09:00
536478,71053,WHITE METAL LANTERN,12,03/23/2011 13:28,2.86,14063,Belgium,2011-03-23 13:28:00
536479,71053,WHITE METAL LANTERN,1,02/19/2011 15:46,4.99,13708,Netherlands,2011-02-19 15:46:00
536479,22632,HAND WARMER RED POLKA DOT,24,03/03/2011 17:41,4.99,14193,Germany,2011-03-03 17:41:00
536479,85123A,WHITE HANGING HEART T-LIGHT HOLDER,3,02/03/2011 09:04,3.49,15421,Germany,2011-02-03 09:04:00
536480,71053,WHITE METAL LANTERN,6,03/03/2011 08:27,3.56,13697,Spain,2011-03-03 08:27:00
536480,71053,WHITE METAL LANTERN,2,02/22/2011 16:46,4.96,16770,France,2011-02-22 16:46:00
536480,71053,WHITE METAL LANTERN,-2,03/04/2011 10:03,1.6,15848,United Kingdom,2011-03-04 10:03:00
536481,84879,ASSORTED COLOUR BIRD ORNAMENT,1,01/04/2011 11:10,1.69,13017,Netherlands,2011-01-04 11:10:00
536481,21730,GLASS STAR FROSTED T-LIGHT HOLDER,12,02/03/2011 09:41,3.06,13860,France,2011-02-03 09:41:00
536481,22633,HAND WARMER UNION JACK,-1,03/01/2011 12:14,4.07,16968,United Kingdom,2011-03-01 12:14:00
536482,71053,WHITE METAL LANTERN,3,03/11/2011 14:48,5.12,16881,United Kingdom,2011-03-11 14:48:00
536482,21730,GLASS STAR FROSTED T-LIGHT HOLDER,12,03/02/2011 17:56,7.45,14794,United Kingdom,2011-03-02 17:56:00
536482,85123A,WHITE HANGING HEART T-LIGHT HOLDER,6,03/15/2011 18:39,6.22,16024,Germany,2011-03-15 18:39:00
536483,84029G,KNITTED UNION FLAG HOT WATER BOTTLE,2,01/06/2011 14:05,4.18,15912,Germany,2011-01-06 14:05:00
536483,84879,ASSORTED COLOUR BIRD ORNAMENT,12,01/09/2011 09:24,4.46,16868,France,2011-01-09 09:24:00
536483,85123A,WHITE HANGING HEART T-LIGHT HOLDER,6,03/17/2011 16:50,2.49,15741,Germany,2011-03-17 16:50:00
536484,71053,WHITE METAL LANTERN,6,01/13/2011 12:55,4.46,15162,Netherlands,2011-01-13 12:55:00
536484,84879,ASSORTED COLOUR BIRD ORNAMENT,1,01/23/2011 12:25,3.92,17332,Belgium,2011-01-23 12:25:00
536484,22752,SET 7 BABUSHKA NESTING BOXES,1,03/02/2011 12:57,5.15,15113,France,2011-03-02 12:57:00
536485,71053,WHITE METAL LANTERN,2,01/18/2011 12:47,2.85,14974,France,2011-01-18 12:47:00
536485,71053,WHITE METAL LANTERN,2,02/22/2011 15:48,5.54,15409,United Kingdom,2011-02-22 15:48:00
536485,84029E,RED WOOLLY HOTTIE WHITE HEART,4,01/18/2011 16:56,7.57,13769,Germany,2011-01-18 16:56:00
536486,85123A,WHITE HANGING HEART T-LIGHT HOLDER,4,01/07/2011 13:45,4.28,15363,Netherlands,2011-01-07 13:45:00
536486,71053,WHITE METAL LANTERN,2,02/17/2011 15:38,5.3,16233,Spain,2011-02-17 15:38:00
536486,84029E,RED WOOLLY HOTTIE WHITE HEART,12,01/12/2011 12:01,5.88,13680,Spain,2011-01-12 12:01:00
536487,84029G,UNKNOWN_ITEM,12,01/27/2011 12:41,3.7,12510,Belgium,2011-01-27 12:41:00
536487,84406B,CREAM CUPID HEARTS COAT HANGER,1,01/29/2011 12:38,4.95,14848,Belgium,2011-01-29 12:38:00
536487,21730,GLASS STAR FROSTED T-LIGHT HOLDER,24,02/14/2011 15:16,4.53,14821,Belgium,2011-02-14 15:16:00
536488,84879,ASSORTED COLOUR BIRD ORNAMENT,6,03/26/2011 13:35,4.7,17335,France,2011-03-26 13:35:00
536488,71053,WHITE METAL LANTERN,3,03/23/2011 13:55,2.95,17720,Belgium,2011-03-23 13:55:00
536488,84029G,KNITTED UNION FLAG HOT WATER BOTTLE,24,01/31/2011 08:51,4.55,17261,Netherlands,2011-01-31 08:51:00
536489,85123A,WHITE HANGING HEART T-LIGHT HOLDER,3,02/03/2011 14:25,5.5,12635,Spain,2011-02-03 14:25:00
536489,84029G,KNITTED UNION FLAG HOT WATER BOTTLE,12,01/29/2011 18:34,7.4,16243,Belgium,2011-01-29 18:34:00
536489,84406B,CREAM CUPID HEARTS COAT HANGER,6,01/24/2011 12:06,6.42,14464,Belgium,2011-01-24 12:06:00
536490,84406B,CREAM CUPID HEARTS COAT HANGER,3,03/25/2011 09:14,8.81,14861,Netherlands,2011-03-25 09:14:00
536490,84029E,RED WOOLLY HOTTIE WHITE HEART,4,01/16/2011 15:03,2.97,17126,Spain,2011-01-16 15:03:00
536490,84029G,KNITTED UNION FLAG HOT WATER BOTTLE,24,03/29/2011 14:33,6.24,12788,Germany,2011-03-29 14:33:00
536491,21730,GLASS STAR FROSTED T-LIGHT HOLDER,4,01/19/2011 13:55,4.87,13008,Netherlands,2011-01-19 13:55:00
536491,22752,SET 7 BABUSHKA NESTING BOXES,1,02/27/2011 12:13,8.88,13727,Spain,2011-02-27 12:13:00
536491,71053,UNKNOWN_ITEM,4,03/23/2011 14:25,2.88,16256,Netherlands,2011-03-23 14:25:00
536492,22752,SET 7 BABUSHKA NESTING BOXES,3,03/09/2011 11:01,2.82,17479,Belgium,2011-03-09 11:01:00
536492,22752,SET 7 BABUSHKA NESTING BOXES,1,02/19/2011 16:37,3.3,12880,United Kingdom,2011-02-19 16:37:00
536492,22632,HAND WARMER RED POLKA DOT,3,02/25/2011 18:08,0.5,16361,France,2011-02-25 18:08:00
536493,21730,GLASS STAR FROSTED T-LIGHT HOLDER,4,01/17/2011 11:46,3.45,16479,United Kingdom,2011-01-17 11:46:00
536493,85123A,WHITE HANGING HEART T-LIGHT HOLDER,12,02/02/2011 16:39,2.98,12738,Belgium,2011-02-02 16:39:00
536493,71053,WHITE METAL LANTERN,4,01/16/2011 16:16,4.8,13600,Germany,2011-01-16 16:16:00
536494,84029E,RED WOOLLY HOTTIE WHITE HEART,1,03/26/2011 16:17,5.18,18086,Germany,2011-03-26 16:17:00
536494,22632,HAND WARMER RED POLKA DOT,1,02/06/2011 09:50,8.25,13973,Spain,2011-02-06 09:50:00
536494,22632,HAND WARMER RED POLKA DOT,3,04/01/2011 14:18,6.4,16836,Netherlands,2011-04-01 14:18:00
536495,22633,HAND WARMER UNION JACK,1,01/02/2011 18:05,3.35,17049,Belgium,2011-01-02 18:05:00
536495,22632,HAND WARMER RED POLKA DOT,2,02/02/2011 18:14,2.7,14771,France,2011-02-02 18:14:00
536495,84406B,CREAM CUPID HEARTS COAT HANGER,24,02/07/2011 13:51,5.48,15835,Belgium,2011-02-07 13:51:00
536496,85123A,WHITE HANGING HEART T-LIGHT HOLDER,3,03/26/2011 18:10,1.86,15931,Spain,2011-03-26 18:10:00
536496,22752,SET 7 BABUSHKA NESTING BOXES,2,01/15/2011 14:25,8.16,14572,Netherlands,2011-01-15 14:25:00
536496,21730,GLASS STAR FROSTED T-LIGHT HOLDER,24,01/22/2011 09:08,6.86,12826,Germany,2011-01-22 09:08:00
536497,22633,UNKNOWN_ITEM,12,02/26/2011 10:39,3.56,15283,Spain,2011-02-26 10:39:00
536497,84406B,CREAM CUPID HEARTS COAT HANGER,4,01/15/2011 14:28,1.07,GUEST,United Kingdom,2011-01-15 14:28:00
536497,84879,ASSORTED COLOUR BIRD ORNAMENT,2,03/27/2011 13:33,7.21,18085,Spain,2011-03-27 13:33:00
536498,84029G,KNITTED UNION FLAG HOT WATER BOTTLE,12,03/28/2011 18:24,4.27,16919,Spain,2011-03-28 18:24:00
536498,84406B,CREAM CUPID HEARTS COAT HANGER,4,03/05/2011 10:04,6.98,14972,Germany,2011-03-05 10:04:00
536498,22632,HAND WARMER RED POLKA DOT,12,02/18/2011 14:52,1.31,16106,Netherlands,2011-02-18 14:52:00
536499,22633,HAND WARMER UNION JACK,1,03/05/2011 18:01,-3.3,15723,United Kingdom,2011-03-05 18:01:00
536499,71053,WHITE METAL LANTERN,6,03/23/2011 12:56,4.51,14040,Belgium,2011-03-23 12:56:00
536499,22752,SET 7 BABUSHKA NESTING BOXES,24,01/29/2011 15:21,4.59,17423,Spain,2011-01-29 15:21:00
536500,22633,HAND WARMER UNION JACK,24,03/26/2011 11:00,3.6,17536,France,2011-03-26 11:00:00
536500,71053,WHITE METAL LANTERN,3,03/05/2011 10:52,5.75,18257,Netherlands,2011-03-05 10:52:00
536500,84029G,KNITTED UNION FLAG HOT WATER BOTTLE,24,02/20/2011 11:29,2.36,13907,Belgium,2011-02-20 11:29:00
536501,85123A,WHITE HANGING HEART T-LIGHT HOLDER,24,03/28/2011 17:07,4.22,16036,Netherlands,2011-03-28 17:07:00
536501,84406B,CREAM CUPID HEARTS COAT HANGER,1,03/09/2011 08:35,4.74,17139,Netherlands,2011-03-09 08:35:00
536501,84406B,CREAM CUPID HEARTS COAT HANGER,2,01/17/2011 09:24,5.53,17311,France,2011-01-17 09:24:00
536502,84879,ASSORTED COLOUR BIRD ORNAMENT,24,02/01/2011 12:25,5.92,14755,Netherlands,2011-02-01 12:25:00
536502,84879,ASSORTED COLOUR BIRD ORNAMENT,12,03/07/2011 12:53,2.25,14917,Belgium,2011-03-07 12:53:00
536502,84029G,KNITTED UNION FLAG HOT WATER BOTTLE,6,02/07/2011 18:22,1.43,13432,Belgium,2011-02-07 18:22:00
536503,22632,HAND WARMER RED POLKA DOT,12,02/11/2011 09:48,7.06,16281,Spain,2011-02-11 09:48:00
536503,21730,GLASS STAR FROSTED T-LIGHT HOLDER,24,03/10/2011 12:56,5.16,12450,Spain,2011-03-10 12:56:00
536503,85123A,WHITE HANGING HEART T-LIGHT HOLDER,2,02/04/2011 10:18,3.0,13545,United Kingdom,2011-02-04 10:18:00
536504,22632,HAND WARMER RED POLKA DOT,-1,01/14/2011 17:55,7.6,16948,Germany,2011-01-14 17:55:00
536504,84029G,KNITTED UNION FLAG HOT WATER BOTTLE,24,03/31/2011 12:44,4.73,15471,Netherlands,2011-03-31 12:44:00
536504,22752,SET 7 BABUSHKA NESTING BOXES,1,01/02/2011 12:12,6.86,15975,Germany,2011-01-02 12:12:00
536505,22752,SET 7 BABUSHKA NESTING BOXES,6,03/19/2011 11:49,4.64,13931,France,2011-03-19 11:49:00
536505,71053,WHITE METAL LANTERN,2,03/07/2011 09:24,8.62,GUEST,Germany,2011-03-07 09:24:00
536505,85123A,WHITE HANGING HEART T-LIGHT HOLDER,12,01/20/2011 08:09,8.01,17235,United Kingdom,2011-01-20 08:09:00
536506,84029E,RED WOOLLY HOTTIE WHITE HEART,6,03/12/2011 13:04,4.0,14949,Spain,2011-03-12 13:04:00
536506,71053,WHITE METAL LANTERN,2,02/23/2011 16:34,6.44,15208,Germany,2011-02-23 16:34:00
536506,22752,SET 7 BABUSHKA NESTING BOXES,2,03/21/2011 16:30,5.79,17665,United Kingdom,2011-03-21 16:30:00
536507,84029G,KNITTED UNION FLAG HOT WATER BOTTLE,6,03/21/2011 11:02,7.24,14975,Netherlands,2011-03-21 11:02:00
536507,21730,GLASS STAR FROSTED T-LIGHT HOLDER,12,02/06/2011 08:58,2.57,15417,Spain,2011-02-06 08:58:00
536507,85123A,WHITE HANGING HEART T-LIGHT HOLDER,12,01/25/2011 13:32,5.87,13132,Germany,2011-01-25 13:32:00
536508,22632,HAND WARMER RED POLKA DOT,2,01/27/2011 18:40,6.62,17960,Netherlands,2011-01-27 18:40:00
536508,21730,GLASS STAR FROSTED T-LIGHT HOLDER,1,03/29/2011 10:01,0.98,15063,United Kingdom,2011-03-29 10:01:00
536508,84029E,RED WOOLLY HOTTIE WHITE HEART,6,01/30/2011 12:26,-2.13,17508,Netherlands,2011-01-30 12:26:00
536509,71053,WHITE METAL LANTERN,12,03/21/2011 09:48,0.5,12718,Belgium,2011-03-21 09:48:00
536509,22632,HAND WARMER RED POLKA DOT,24,03/29/2011 12:38,3.96,15931,Netherlands,2011-03-29 12:38:00
536509,22633,HAND WARMER UNION JACK,2,01/18/2011 14:50,5.94,16816,France,2011-01-18 14:50:00
536510,22752,SET 7 BABUSHKA NESTING BOXES,1,03/12/2011 16:09,7.5,12387,Spain,2011-03-12 16:09:00
536510,71053,WHITE METAL LANTERN,12,02/14/2011 11:26,4.65,16544,Germany,2011-02-14 11:26:00
536510,84029E,RED WOOLLY HOTTIE WHITE HEART,2,03/27/2011 17:54,7.76,GUEST,Belgium,2011-03-27 17:54:00
536511,71053,WHITE METAL LANTERN,2,03/16/2011 15:21,1.74,17845,Belgium,2011-03-16 15:21:00
536511,71053,WHITE METAL LANTERN,3,03/04/2011 15:21,1.09,14850,Belgium,2011-03-04 15:21:00
536511,22752,SET 7 BABUSHKA NESTING BOXES,4,01/22/2011 08:20,4.39,14160,Belgium,2011-01-22 08:20:00
536512,22752,SET 7 BABUSHKA NESTING BOXES,12,02/12/2011 15:29,5.27,14848,Netherlands,2011-02-12 15:29:00
536512,84879,ASSORTED COLOUR BIRD ORNAMENT,3,01/18/2011 16:12,4.43,17479,United Kingdom,2011-01-18 16:12:00
536512,22632,HAND WARMER RED POLKA DOT,24,03/16/2011 17:25,0.5,14088,United Kingdom,2011-03-16 17:25:00
536513,22632,HAND WARMER RED POLKA DOT,24,01/20/2011 13:25,4.32,17176,Belgium,2011-01-20 13:25:00
536513,22632,HAND WARMER RED POLKA DOT,4,02/16/2011 16:00,1.89,17376,Belgium,2011-02-16 16:00:00
536513,22633,HAND WARMER UNION JACK,6,03/14/2011 18:55,5.84,16306,France,2011-03-14 18:55:00
536514,84029G,KNITTED UNION FLAG HOT WATER BOTTLE,12,01/30/2011 08:42,5.23,15305,Netherlands,2011-01-30 08:42:00
536514,85123A,WHITE HANGING HEART T-LIGHT HOLDER,12,01/14/2011 16:40,2.62,14503,Spain,2011-01-14 16:40:00
536514,21730,GLASS STAR FROSTED T-LIGHT HOLDER,12,01/10/2011 16:16,3.47,14171,Spain,2011-01-10 16:16:00
536515,22752,SET 7 BABUSHKA NESTING BOXES,4,03/19/2011 08:32,2.38,15949,Germany,2011-03-19 08:32:00
536515,84029E,RED WOOLLY HOTTIE WHITE HEART,2,01/21/2011 13:38,4.37,13315,Belgium,2011-01-21 13:38:00
536515,71053,WHITE METAL LANTERN,4,03/03/2011 11:37,6.41,15712,United Kingdom,2011-03-03 11:37:00
536516,84879,ASSORTED COLOUR BIRD ORNAMENT,12,03/07/2011 08:57,2.53,12804,Germany,2011-03-07 08:57:00
536516,21730,GLASS STAR FROSTED T-LIGHT HOLDER,6,03/23/2011 08:56,5.51,17767,France,2011-03-23 08:56:00
536516,84879,ASSORTED COLOUR BIRD ORNAMENT,24,03/03/2011 10:14,3.44,17268,Germany,2011-03-03 10:14:00
536517,84406B,CREAM CUPID HEARTS COAT HANGER,6,02/03/2011 10:46,2.91,16060,Spain,2011-02-03 10:46:00
536517,21730,GLASS STAR FROSTED T-LIGHT HOLDER,1,01/26/2011 16:55,4.29,17952,Netherlands,2011-01-26 16:55:00
536517,84406B,CREAM CUPID HEARTS COAT HANGER,6,03/18/2011 08:56,2.43,16469,United Kingdom,2011-03-18 08:56:00
536518,84879,ASSORTED COLOUR BIRD ORNAMENT,1,03/28/2011 18:27,3.39,15380,United Kingdom,2011-03-28 18:27:00
536518,22633,HAND WARMER UNION JACK,4,02/14/2011 17:51,2.1,18053,Spain,2011-02-14 17:51:00
536518,22633,HAND WARMER UNION JACK,24,01/11/2011 12:38,8.43,15693,France,2011-01-11 12:38:00
536519,85123A,WHITE HANGING HEART T-LIGHT HOLDER,1,03/08/2011 08:24,4.57,17980,France,2011-03-08 08:24:00
536519,21730,GLASS STAR FROSTED T-LIGHT HOLDER,3,02/03/2011 16:27,3.1,17358,France,2011-02-03 16:27:00
536519,84029G,KNITTED UNION FLAG HOT WATER BOTTLE,24,03/13/2011 15:11,4.93,16891,Netherlands,2011-03-13 15:11:00
536520,22752,SET 7 BABUSHKA NESTING BOXES,4,01/18/2011 18:07,4.28,16004,Belgium,2011-01-18 18:07:00
536520,22632,HAND WARMER RED POLKA DOT,3,03/12/2011 17:44,4.06,12772,Germany,2011-03-12 17:44:00
536520,71053,WHITE METAL LANTERN,4,03/18/2011 14:05,5.73,14162,France,2011-03-18 14:05:00
536521,21730,GLASS STAR FROSTED T-LIGHT HOLDER,4,03/20/2011 18:33,6.02,17240,United Kingdom,2011-03-20 18:33:00
536521,22633,HAND WARMER UNION JACK,2,03/26/2011 16:18,3.44,17257,Spain,2011-03-26 16:18:00
536521,84406B,CREAM CUPID HEARTS COAT HANGER,3,01/31/2011 18:00,3.35,13057,France,2011-01-31 18:00:00
536522,21730,GLASS STAR FROSTED T-LIGHT HOLDER,2,03/08/2011 08:47,3.95,13084,Spain,2011-03-08 08:47:00
536522,84879,ASSORTED COLOUR BIRD ORNAMENT,24,02/05/2011 11:38,0.5,16071,Netherlands,2011-02-05 11:38:00
536522,21730,GLASS STAR FROSTED T-LIGHT HOLDER,6,01/10/2011 16:18,1.47,13304,Spain,2011-01-10 16:18:00
536523,84879,ASSORTED COLOUR BIRD ORNAMENT,4,02/18/2011 17:30,7.23,15128,Netherlands,2011-02-18 17:30:00
536523,85123A,WHITE HANGING HEART T-LIGHT HOLDER,3,01/09/2011 14:40,7.79,14151,Belgium,2011-01-09 14:40:00
536523,21730,GLASS STAR FROSTED T-LIGHT HOLDER,6,03/10/2011 08:44,4.0,14379,France,2011-03-10 08:44:00
536524,22752,SET 7 BABUSHKA NESTING BOXES,3,03/02/2011 13:22,5.65,17045,France,2011-03-02 13:22:00
536524,84029G,KNITTED UNION FLAG HOT WATER BOTTLE,2,01/31/2011 11:55,5.12,14223,Germany,2011-01-31 11:55:00
536524,22752,UNKNOWN_ITEM,1,01/16/2011 09:43,10.66,16381,Spain,2011-01-16 09:43:00
536525,85123A,WHITE HANGING HEART T-LIGHT HOLDER,3,03/21/2011 13:31,6.74,17052,France,2011-03-21 13:31:00
536525,22632,HAND WARMER RED POLKA DOT,2,03/15/2011 10:03,4.24,15812,Netherlands,2011-03-15 10:03:00
536525,22752,SET 7 BABUSHKA NESTING BOXES,12,01/23/2011 15:07,-2.59,16114,France,2011-01-23 15:07:00
536526,84029G,KNITTED UNION FLAG HOT WATER BOTTLE,1,02/11/2011 13:39,1.29,13879,Spain,2011-02-11 13:39:00
536526,84879,ASSORTED COLOUR BIRD ORNAMENT,2,03/05/2011 14:13,4.91,15395,France,2011-03-05 14:13:00
536526,84406B,CREAM CUPID HEARTS COAT HANGER,6,03/29/2011 11:52,2.99,14557,Germany,2011-03-29 11:52:00
536527,84029G,KNITTED UNION FLAG HOT WATER BOTTLE,12,01/20/2011 15:51,1.66,GUEST,Germany,2011-01-20 15:51:00
536527,22632,HAND WARMER RED POLKA DOT,3,03/04/2011 12:16,3.21,16997,United Kingdom,2011-03-04 12:16:00
536527,85123A,WHITE HANGING HEART T-LIGHT HOLDER,3,03/02/2011 18:06,2.34,15087,France,2011-03-02 18:06:00
536528,84029E,RED WOOLLY HOTTIE WHITE HEART,4,01/16/2011 13:55,7.87,17306,Germany,2011-01-16 13:55:00
536528,22632,HAND WARMER RED POLKA DOT,24,02/06/2011 13:20,6.26,16339,Belgium,2011-02-06 13:20:00
536528,84879,ASSORTED COLOUR BIRD ORNAMENT,12,01/19/2011 10:40,4.48,15109,Netherlands,2011-01-19 10:40:00
536529,71053,WHITE METAL LANTERN,12,01/30/2011 13:20,7.46,18165,France,2011-01-30 13:20:00
536529,22633,HAND WARMER UNION JACK,3,03/17/2011 16:28,4.65,13852,United Kingdom,2011-03-17 16:28:00
536529,84029E,RED WOOLLY HOTTIE WHITE HEART,12,01/11/2011 11:10,2.78,13128,United Kingdom,2011-01-11 11:10:00
536530,85123A,WHITE HANGING HEART T-LIGHT HOLDER,24,03/09/2011 09:06,7.55,13618,United Kingdom,2011-03-09 09:06:00
536530,84029E,UNKNOWN_ITEM,12,02/06/2011 15:40,5.58,16661,Germany,2011-02-06 15:40:00
536530,22752,SET 7 BABUSHKA NESTING BOXES,4,03/11/2011 12:35,2.43,18060,Spain,2011-03-11 12:35:00
536531,84879,ASSORTED COLOUR BIRD ORNAMENT,12,03/23/2011 16:19,4.12,16291,Spain,2011-03-23 16:19:00
536531,84029E,RED WOOLLY HOTTIE WHITE HEART,3,01/20/2011 12:00,-2.75,GUEST,France,2011-01-20 12:00:00
536531,22633,HAND WARMER UNION JACK,4,02/08/2011 08:49,-1.73,14745,Spain,2011-02-08 08:49:00
